{
      "__requires": [
         {
            "id": "grafana",
            "name": "Grafana",
            "type": "grafana",
            "version": "8.0.0"
         }
      ],
      "annotations": {
         "list": [ ]
      },
      "editable": true,
      "gnetId": null,
      "graphTooltip": 0,
      "hideControls": false,
      "links": [
         {
            "asDropdown": true,
            "icon": "external link",
            "includeVars": true,
            "keepTime": true,
            "tags": [
               "mimir"
            ],
            "targetBlank": false,
            "title": "Mimir dashboards",
            "type": "dashboards"
         }
      ],
      "refresh": "",
      "rows": [
         {
            "collapse": false,
            "height": "250px",
            "panels": [
               {
                  "datasource": "${datasource}",
                  "id": 1,
                  "span": 12,
                  "targets": [
                     {
                        "expr": "max by(limit_name) (cortex_limits_defaults{cluster=~\"$cluster\",namespace=~\"$namespace\"})",
                        "instant": true,
                        "legendFormat": "",
                        "refId": "A"
                     }
                  ],
                  "title": "Defaults",
                  "transformations": [
                     {
                        "id": "labelsToFields",
                        "options": { }
                     },
                     {
                        "id": "merge",
                        "options": { }
                     },
                     {
                        "id": "organize",
                        "options": {
                           "excludeByName": {
                              "Time": true
                           },
                           "indexByName": {
                              "Value": 1,
                              "limit_name": 0
                           }
                        }
                     },
                     {
                        "id": "sortBy",
                        "options": {
                           "fields": { },
                           "sort": [
                              {
                                 "field": "limit_name"
                              }
                           ]
                        }
                     }
                  ],
                  "type": "table"
               }
            ],
            "repeat": null,
            "repeatIteration": null,
            "repeatRowId": null,
            "showTitle": true,
            "title": "",
            "titleSize": "h6"
         },
         {
            "collapse": false,
            "height": "250px",
            "panels": [
               {
                  "datasource": "${datasource}",
                  "id": 2,
                  "span": 12,
                  "targets": [
                     {
                        "expr": "max by(user, limit_name) (cortex_limits_overrides{cluster=~\"$cluster\",namespace=~\"$namespace\",user=~\"${tenant_id}\"})",
                        "instant": true,
                        "legendFormat": "",
                        "refId": "A"
                     }
                  ],
                  "title": "Per-tenant overrides",
                  "transformations": [
                     {
                        "id": "labelsToFields",
                        "options": {
                           "mode": "columns",
                           "valueLabel": "limit_name"
                        }
                     },
                     {
                        "id": "merge",
                        "options": { }
                     },
                     {
                        "id": "organize",
                        "options": {
                           "excludeByName": {
                              "Time": true
                           },
                           "indexByName": {
                              "user": 0
                           }
                        }
                     }
                  ],
                  "type": "table"
               }
            ],
            "repeat": null,
            "repeatIteration": null,
            "repeatRowId": null,
            "showTitle": true,
            "title": "",
            "titleSize": "h6"
         }
      ],
      "schemaVersion": 14,
      "style": "dark",
      "tags": [
         "mimir"
      ],
      "templating": {
         "list": [
            {
               "current": {
                  "text": "default",
                  "value": "default"
               },
               "hide": 0,
               "label": "Data Source",
               "name": "datasource",
               "options": [ ],
               "query": "prometheus",
               "refresh": 1,
               "regex": "",
               "type": "datasource"
            },
            {
               "allValue": ".*",
               "current": {
                  "text": "prod",
                  "value": "prod"
               },
               "datasource": "$datasource",
               "hide": 0,
               "includeAll": true,
               "label": "cluster",
               "multi": false,
               "name": "cluster",
               "options": [ ],
               "query": "label_values(cortex_build_info, cluster)",
               "refresh": 1,
               "regex": "",
               "sort": 2,
               "tagValuesQuery": "",
               "tags": [ ],
               "tagsQuery": "",
               "type": "query",
               "useTags": false
            },
            {
               "allValue": null,
               "current": {
                  "text": "prod",
                  "value": "prod"
               },
               "datasource": "$datasource",
               "hide": 0,
               "includeAll": false,
               "label": "namespace",
               "multi": false,
               "name": "namespace",
               "options": [ ],
               "query": "label_values(cortex_build_info{cluster=~\"$cluster\"}, namespace)",
               "refresh": 1,
               "regex": "",
               "sort": 2,
               "tagValuesQuery": "",
               "tags": [ ],
               "tagsQuery": "",
               "type": "query",
               "useTags": false
            },
            {
               "current": {
                  "selected": true,
                  "text": ".*",
                  "value": ".*"
               },
               "hide": 0,
               "label": "Tenant ID",
               "name": "tenant_id",
               "options": [
                  {
                     "selected": true,
                     "text": ".*",
                     "value": ".*"
                  }
               ],
               "query": ".*",
               "type": "textbox"
            }
         ]
      },
      "time": {
         "from": "now-1h",
         "to": "now"
      },
      "timepicker": {
         "refresh_intervals": [
            "5s",
            "10s",
            "30s",
            "1m",
            "5m",
            "15m",
            "30m",
            "1h",
            "2h",
            "1d"
         ],
         "time_options": [
            "5m",
            "15m",
            "1h",
            "6h",
            "12h",
            "24h",
            "2d",
            "7d",
            "30d"
         ]
      },
      "timezone": "utc",
      "title": "Mimir / Overrides",
      "uid": "1e2c358600ac53f09faea133f811b5bb",
      "version": 0
   }