{
      "__requires": [
         {
            "id": "grafana",
            "name": "Grafana",
            "type": "grafana",
            "version": "8.0.0"
         }
      ],
      "annotations": {
         "list": [ ]
      },
      "editable": true,
      "gnetId": null,
      "graphTooltip": 0,
      "hideControls": false,
      "links": [
         {
            "asDropdown": true,
            "icon": "external link",
            "includeVars": true,
            "keepTime": true,
            "tags": [
               "mimir"
            ],
            "targetBlank": false,
            "title": "Mimir dashboards",
            "type": "dashboards"
         }
      ],
      "refresh": "10s",
      "rows": [
         {
            "collapse": false,
            "height": "250px",
            "panels": [
               {
                  "aliasColors": { },
                  "bars": false,
                  "dashLength": 10,
                  "dashes": false,
                  "datasource": "$datasource",
                  "fill": 0,
                  "id": 1,
                  "legend": {
                     "avg": false,
                     "current": false,
                     "max": false,
                     "min": false,
                     "show": true,
                     "total": false,
                     "values": false
                  },
                  "lines": true,
                  "linewidth": 1,
                  "links": [ ],
                  "nullPointMode": "null as zero",
                  "percentage": false,
                  "pointradius": 5,
                  "points": false,
                  "renderer": "flot",
                  "seriesOverrides": [
                     {
                        "alias": "request",
                        "color": "#FFC000",
                        "dashLength": 5,
                        "dashes": true,
                        "fill": 0
                     },
                     {
                        "alias": "limit",
                        "color": "#E02F44",
                        "dashLength": 5,
                        "dashes": true,
                        "fill": 0
                     }
                  ],
                  "spaceLength": 10,
                  "span": 4,
                  "stack": false,
                  "steppedLine": false,
                  "targets": [
                     {
                        "expr": "sum by(pod) (rate(node_cpu_seconds_total{mode=\"user\",cluster=~\"$cluster\", namespace=~\"$namespace\",pod=~\".*query-frontend.*\"}[$__rate_interval]))",
                        "format": "time_series",
                        "intervalFactor": 2,
                        "legendFormat": "{{pod}}",
                        "legendLink": null,
                        "step": 10
                     }
                  ],
                  "thresholds": [ ],
                  "timeFrom": null,
                  "timeShift": null,
                  "title": "CPU",
                  "tooltip": {
                     "sort": 2
                  },
                  "type": "graph",
                  "xaxis": {
                     "buckets": null,
                     "mode": "time",
                     "name": null,
                     "show": true,
                     "values": [ ]
                  },
                  "yaxes": [
                     {
                        "format": "short",
                        "label": null,
                        "logBase": 1,
                        "max": null,
                        "min": 0,
                        "show": true
                     },
                     {
                        "format": "short",
                        "label": null,
                        "logBase": 1,
                        "max": null,
                        "min": null,
                        "show": false
                     }
                  ]
               },
               {
                  "aliasColors": { },
                  "bars": false,
                  "dashLength": 10,
                  "dashes": false,
                  "datasource": "$datasource",
                  "fill": 0,
                  "id": 2,
                  "legend": {
                     "avg": false,
                     "current": false,
                     "max": false,
                     "min": false,
                     "show": true,
                     "total": false,
                     "values": false
                  },
                  "lines": true,
                  "linewidth": 1,
                  "links": [ ],
                  "nullPointMode": "null as zero",
                  "percentage": false,
                  "pointradius": 5,
                  "points": false,
                  "renderer": "flot",
                  "seriesOverrides": [
                     {
                        "alias": "request",
                        "color": "#FFC000",
                        "dashLength": 5,
                        "dashes": true,
                        "fill": 0
                     },
                     {
                        "alias": "limit",
                        "color": "#E02F44",
                        "dashLength": 5,
                        "dashes": true,
                        "fill": 0
                     }
                  ],
                  "spaceLength": 10,
                  "span": 4,
                  "stack": false,
                  "steppedLine": false,
                  "targets": [
                     {
                        "expr": "node_memory_MemTotal_bytes{cluster=~\"$cluster\", namespace=~\"$namespace\",pod=~\".*query-frontend.*\"}\n- node_memory_MemFree_bytes{cluster=~\"$cluster\", namespace=~\"$namespace\",pod=~\".*query-frontend.*\"}\n- node_memory_Buffers_bytes{cluster=~\"$cluster\", namespace=~\"$namespace\",pod=~\".*query-frontend.*\"}\n- node_memory_Cached_bytes{cluster=~\"$cluster\", namespace=~\"$namespace\",pod=~\".*query-frontend.*\"}\n- node_memory_Slab_bytes{cluster=~\"$cluster\", namespace=~\"$namespace\",pod=~\".*query-frontend.*\"}\n- node_memory_PageTables_bytes{cluster=~\"$cluster\", namespace=~\"$namespace\",pod=~\".*query-frontend.*\"}\n- node_memory_SwapCached_bytes{cluster=~\"$cluster\", namespace=~\"$namespace\",pod=~\".*query-frontend.*\"}\n",
                        "format": "time_series",
                        "intervalFactor": 2,
                        "legendFormat": "{{pod}}",
                        "legendLink": null,
                        "step": 10
                     }
                  ],
                  "thresholds": [ ],
                  "timeFrom": null,
                  "timeShift": null,
                  "title": "Memory (workingset)",
                  "tooltip": {
                     "sort": 2
                  },
                  "type": "graph",
                  "xaxis": {
                     "buckets": null,
                     "mode": "time",
                     "name": null,
                     "show": true,
                     "values": [ ]
                  },
                  "yaxes": [
                     {
                        "format": "bytes",
                        "label": null,
                        "logBase": 1,
                        "max": null,
                        "min": 0,
                        "show": true
                     },
                     {
                        "format": "short",
                        "label": null,
                        "logBase": 1,
                        "max": null,
                        "min": null,
                        "show": false
                     }
                  ]
               },
               {
                  "aliasColors": { },
                  "bars": false,
                  "dashLength": 10,
                  "dashes": false,
                  "datasource": "$datasource",
                  "fill": 0,
                  "id": 3,
                  "legend": {
                     "avg": false,
                     "current": false,
                     "max": false,
                     "min": false,
                     "show": true,
                     "total": false,
                     "values": false
                  },
                  "lines": true,
                  "linewidth": 1,
                  "links": [ ],
                  "nullPointMode": "null as zero",
                  "percentage": false,
                  "pointradius": 5,
                  "points": false,
                  "renderer": "flot",
                  "seriesOverrides": [ ],
                  "spaceLength": 10,
                  "span": 4,
                  "stack": false,
                  "steppedLine": false,
                  "targets": [
                     {
                        "expr": "sum by(pod) (go_memstats_heap_inuse_bytes{cluster=~\"$cluster\", job=~\"($namespace)/((query-frontend.*|cortex|mimir|mimir-read.*))\"})",
                        "format": "time_series",
                        "intervalFactor": 2,
                        "legendFormat": "{{pod}}",
                        "legendLink": null,
                        "step": 10
                     }
                  ],
                  "thresholds": [ ],
                  "timeFrom": null,
                  "timeShift": null,
                  "title": "Memory (go heap inuse)",
                  "tooltip": {
                     "sort": 2
                  },
                  "type": "graph",
                  "xaxis": {
                     "buckets": null,
                     "mode": "time",
                     "name": null,
                     "show": true,
                     "values": [ ]
                  },
                  "yaxes": [
                     {
                        "format": "bytes",
                        "label": null,
                        "logBase": 1,
                        "max": null,
                        "min": 0,
                        "show": true
                     },
                     {
                        "format": "short",
                        "label": null,
                        "logBase": 1,
                        "max": null,
                        "min": null,
                        "show": false
                     }
                  ]
               }
            ],
            "repeat": null,
            "repeatIteration": null,
            "repeatRowId": null,
            "showTitle": true,
            "title": "Query-frontend",
            "titleSize": "h6"
         },
         {
            "collapse": false,
            "height": "250px",
            "panels": [
               {
                  "aliasColors": { },
                  "bars": false,
                  "dashLength": 10,
                  "dashes": false,
                  "datasource": "$datasource",
                  "fill": 0,
                  "id": 4,
                  "legend": {
                     "avg": false,
                     "current": false,
                     "max": false,
                     "min": false,
                     "show": true,
                     "total": false,
                     "values": false
                  },
                  "lines": true,
                  "linewidth": 1,
                  "links": [ ],
                  "nullPointMode": "null as zero",
                  "percentage": false,
                  "pointradius": 5,
                  "points": false,
                  "renderer": "flot",
                  "seriesOverrides": [
                     {
                        "alias": "request",
                        "color": "#FFC000",
                        "dashLength": 5,
                        "dashes": true,
                        "fill": 0
                     },
                     {
                        "alias": "limit",
                        "color": "#E02F44",
                        "dashLength": 5,
                        "dashes": true,
                        "fill": 0
                     }
                  ],
                  "spaceLength": 10,
                  "span": 4,
                  "stack": false,
                  "steppedLine": false,
                  "targets": [
                     {
                        "expr": "sum by(pod) (rate(node_cpu_seconds_total{mode=\"user\",cluster=~\"$cluster\", namespace=~\"$namespace\",pod=~\".*query-scheduler.*\"}[$__rate_interval]))",
                        "format": "time_series",
                        "intervalFactor": 2,
                        "legendFormat": "{{pod}}",
                        "legendLink": null,
                        "step": 10
                     }
                  ],
                  "thresholds": [ ],
                  "timeFrom": null,
                  "timeShift": null,
                  "title": "CPU",
                  "tooltip": {
                     "sort": 2
                  },
                  "type": "graph",
                  "xaxis": {
                     "buckets": null,
                     "mode": "time",
                     "name": null,
                     "show": true,
                     "values": [ ]
                  },
                  "yaxes": [
                     {
                        "format": "short",
                        "label": null,
                        "logBase": 1,
                        "max": null,
                        "min": 0,
                        "show": true
                     },
                     {
                        "format": "short",
                        "label": null,
                        "logBase": 1,
                        "max": null,
                        "min": null,
                        "show": false
                     }
                  ]
               },
               {
                  "aliasColors": { },
                  "bars": false,
                  "dashLength": 10,
                  "dashes": false,
                  "datasource": "$datasource",
                  "fill": 0,
                  "id": 5,
                  "legend": {
                     "avg": false,
                     "current": false,
                     "max": false,
                     "min": false,
                     "show": true,
                     "total": false,
                     "values": false
                  },
                  "lines": true,
                  "linewidth": 1,
                  "links": [ ],
                  "nullPointMode": "null as zero",
                  "percentage": false,
                  "pointradius": 5,
                  "points": false,
                  "renderer": "flot",
                  "seriesOverrides": [
                     {
                        "alias": "request",
                        "color": "#FFC000",
                        "dashLength": 5,
                        "dashes": true,
                        "fill": 0
                     },
                     {
                        "alias": "limit",
                        "color": "#E02F44",
                        "dashLength": 5,
                        "dashes": true,
                        "fill": 0
                     }
                  ],
                  "spaceLength": 10,
                  "span": 4,
                  "stack": false,
                  "steppedLine": false,
                  "targets": [
                     {
                        "expr": "node_memory_MemTotal_bytes{cluster=~\"$cluster\", namespace=~\"$namespace\",pod=~\".*query-scheduler.*\"}\n- node_memory_MemFree_bytes{cluster=~\"$cluster\", namespace=~\"$namespace\",pod=~\".*query-scheduler.*\"}\n- node_memory_Buffers_bytes{cluster=~\"$cluster\", namespace=~\"$namespace\",pod=~\".*query-scheduler.*\"}\n- node_memory_Cached_bytes{cluster=~\"$cluster\", namespace=~\"$namespace\",pod=~\".*query-scheduler.*\"}\n- node_memory_Slab_bytes{cluster=~\"$cluster\", namespace=~\"$namespace\",pod=~\".*query-scheduler.*\"}\n- node_memory_PageTables_bytes{cluster=~\"$cluster\", namespace=~\"$namespace\",pod=~\".*query-scheduler.*\"}\n- node_memory_SwapCached_bytes{cluster=~\"$cluster\", namespace=~\"$namespace\",pod=~\".*query-scheduler.*\"}\n",
                        "format": "time_series",
                        "intervalFactor": 2,
                        "legendFormat": "{{pod}}",
                        "legendLink": null,
                        "step": 10
                     }
                  ],
                  "thresholds": [ ],
                  "timeFrom": null,
                  "timeShift": null,
                  "title": "Memory (workingset)",
                  "tooltip": {
                     "sort": 2
                  },
                  "type": "graph",
                  "xaxis": {
                     "buckets": null,
                     "mode": "time",
                     "name": null,
                     "show": true,
                     "values": [ ]
                  },
                  "yaxes": [
                     {
                        "format": "bytes",
                        "label": null,
                        "logBase": 1,
                        "max": null,
                        "min": 0,
                        "show": true
                     },
                     {
                        "format": "short",
                        "label": null,
                        "logBase": 1,
                        "max": null,
                        "min": null,
                        "show": false
                     }
                  ]
               },
               {
                  "aliasColors": { },
                  "bars": false,
                  "dashLength": 10,
                  "dashes": false,
                  "datasource": "$datasource",
                  "fill": 0,
                  "id": 6,
                  "legend": {
                     "avg": false,
                     "current": false,
                     "max": false,
                     "min": false,
                     "show": true,
                     "total": false,
                     "values": false
                  },
                  "lines": true,
                  "linewidth": 1,
                  "links": [ ],
                  "nullPointMode": "null as zero",
                  "percentage": false,
                  "pointradius": 5,
                  "points": false,
                  "renderer": "flot",
                  "seriesOverrides": [ ],
                  "spaceLength": 10,
                  "span": 4,
                  "stack": false,
                  "steppedLine": false,
                  "targets": [
                     {
                        "expr": "sum by(pod) (go_memstats_heap_inuse_bytes{cluster=~\"$cluster\", job=~\"($namespace)/((query-scheduler.*|mimir-backend.*))\"})",
                        "format": "time_series",
                        "intervalFactor": 2,
                        "legendFormat": "{{pod}}",
                        "legendLink": null,
                        "step": 10
                     }
                  ],
                  "thresholds": [ ],
                  "timeFrom": null,
                  "timeShift": null,
                  "title": "Memory (go heap inuse)",
                  "tooltip": {
                     "sort": 2
                  },
                  "type": "graph",
                  "xaxis": {
                     "buckets": null,
                     "mode": "time",
                     "name": null,
                     "show": true,
                     "values": [ ]
                  },
                  "yaxes": [
                     {
                        "format": "bytes",
                        "label": null,
                        "logBase": 1,
                        "max": null,
                        "min": 0,
                        "show": true
                     },
                     {
                        "format": "short",
                        "label": null,
                        "logBase": 1,
                        "max": null,
                        "min": null,
                        "show": false
                     }
                  ]
               }
            ],
            "repeat": null,
            "repeatIteration": null,
            "repeatRowId": null,
            "showTitle": true,
            "title": "Query-scheduler",
            "titleSize": "h6"
         },
         {
            "collapse": false,
            "height": "250px",
            "panels": [
               {
                  "aliasColors": { },
                  "bars": false,
                  "dashLength": 10,
                  "dashes": false,
                  "datasource": "$datasource",
                  "fill": 0,
                  "id": 7,
                  "legend": {
                     "avg": false,
                     "current": false,
                     "max": false,
                     "min": false,
                     "show": true,
                     "total": false,
                     "values": false
                  },
                  "lines": true,
                  "linewidth": 1,
                  "links": [ ],
                  "nullPointMode": "null as zero",
                  "percentage": false,
                  "pointradius": 5,
                  "points": false,
                  "renderer": "flot",
                  "seriesOverrides": [
                     {
                        "alias": "request",
                        "color": "#FFC000",
                        "dashLength": 5,
                        "dashes": true,
                        "fill": 0
                     },
                     {
                        "alias": "limit",
                        "color": "#E02F44",
                        "dashLength": 5,
                        "dashes": true,
                        "fill": 0
                     }
                  ],
                  "spaceLength": 10,
                  "span": 4,
                  "stack": false,
                  "steppedLine": false,
                  "targets": [
                     {
                        "expr": "sum by(pod) (rate(node_cpu_seconds_total{mode=\"user\",cluster=~\"$cluster\", namespace=~\"$namespace\",pod=~\".*querier.*\"}[$__rate_interval]))",
                        "format": "time_series",
                        "intervalFactor": 2,
                        "legendFormat": "{{pod}}",
                        "legendLink": null,
                        "step": 10
                     }
                  ],
                  "thresholds": [ ],
                  "timeFrom": null,
                  "timeShift": null,
                  "title": "CPU",
                  "tooltip": {
                     "sort": 2
                  },
                  "type": "graph",
                  "xaxis": {
                     "buckets": null,
                     "mode": "time",
                     "name": null,
                     "show": true,
                     "values": [ ]
                  },
                  "yaxes": [
                     {
                        "format": "short",
                        "label": null,
                        "logBase": 1,
                        "max": null,
                        "min": 0,
                        "show": true
                     },
                     {
                        "format": "short",
                        "label": null,
                        "logBase": 1,
                        "max": null,
                        "min": null,
                        "show": false
                     }
                  ]
               },
               {
                  "aliasColors": { },
                  "bars": false,
                  "dashLength": 10,
                  "dashes": false,
                  "datasource": "$datasource",
                  "fill": 0,
                  "id": 8,
                  "legend": {
                     "avg": false,
                     "current": false,
                     "max": false,
                     "min": false,
                     "show": true,
                     "total": false,
                     "values": false
                  },
                  "lines": true,
                  "linewidth": 1,
                  "links": [ ],
                  "nullPointMode": "null as zero",
                  "percentage": false,
                  "pointradius": 5,
                  "points": false,
                  "renderer": "flot",
                  "seriesOverrides": [
                     {
                        "alias": "request",
                        "color": "#FFC000",
                        "dashLength": 5,
                        "dashes": true,
                        "fill": 0
                     },
                     {
                        "alias": "limit",
                        "color": "#E02F44",
                        "dashLength": 5,
                        "dashes": true,
                        "fill": 0
                     }
                  ],
                  "spaceLength": 10,
                  "span": 4,
                  "stack": false,
                  "steppedLine": false,
                  "targets": [
                     {
                        "expr": "node_memory_MemTotal_bytes{cluster=~\"$cluster\", namespace=~\"$namespace\",pod=~\".*querier.*\"}\n- node_memory_MemFree_bytes{cluster=~\"$cluster\", namespace=~\"$namespace\",pod=~\".*querier.*\"}\n- node_memory_Buffers_bytes{cluster=~\"$cluster\", namespace=~\"$namespace\",pod=~\".*querier.*\"}\n- node_memory_Cached_bytes{cluster=~\"$cluster\", namespace=~\"$namespace\",pod=~\".*querier.*\"}\n- node_memory_Slab_bytes{cluster=~\"$cluster\", namespace=~\"$namespace\",pod=~\".*querier.*\"}\n- node_memory_PageTables_bytes{cluster=~\"$cluster\", namespace=~\"$namespace\",pod=~\".*querier.*\"}\n- node_memory_SwapCached_bytes{cluster=~\"$cluster\", namespace=~\"$namespace\",pod=~\".*querier.*\"}\n",
                        "format": "time_series",
                        "intervalFactor": 2,
                        "legendFormat": "{{pod}}",
                        "legendLink": null,
                        "step": 10
                     }
                  ],
                  "thresholds": [ ],
                  "timeFrom": null,
                  "timeShift": null,
                  "title": "Memory (workingset)",
                  "tooltip": {
                     "sort": 2
                  },
                  "type": "graph",
                  "xaxis": {
                     "buckets": null,
                     "mode": "time",
                     "name": null,
                     "show": true,
                     "values": [ ]
                  },
                  "yaxes": [
                     {
                        "format": "bytes",
                        "label": null,
                        "logBase": 1,
                        "max": null,
                        "min": 0,
                        "show": true
                     },
                     {
                        "format": "short",
                        "label": null,
                        "logBase": 1,
                        "max": null,
                        "min": null,
                        "show": false
                     }
                  ]
               },
               {
                  "aliasColors": { },
                  "bars": false,
                  "dashLength": 10,
                  "dashes": false,
                  "datasource": "$datasource",
                  "fill": 0,
                  "id": 9,
                  "legend": {
                     "avg": false,
                     "current": false,
                     "max": false,
                     "min": false,
                     "show": true,
                     "total": false,
                     "values": false
                  },
                  "lines": true,
                  "linewidth": 1,
                  "links": [ ],
                  "nullPointMode": "null as zero",
                  "percentage": false,
                  "pointradius": 5,
                  "points": false,
                  "renderer": "flot",
                  "seriesOverrides": [ ],
                  "spaceLength": 10,
                  "span": 4,
                  "stack": false,
                  "steppedLine": false,
                  "targets": [
                     {
                        "expr": "sum by(pod) (go_memstats_heap_inuse_bytes{cluster=~\"$cluster\", job=~\"($namespace)/((querier.*|cortex|mimir|mimir-read.*))\"})",
                        "format": "time_series",
                        "intervalFactor": 2,
                        "legendFormat": "{{pod}}",
                        "legendLink": null,
                        "step": 10
                     }
                  ],
                  "thresholds": [ ],
                  "timeFrom": null,
                  "timeShift": null,
                  "title": "Memory (go heap inuse)",
                  "tooltip": {
                     "sort": 2
                  },
                  "type": "graph",
                  "xaxis": {
                     "buckets": null,
                     "mode": "time",
                     "name": null,
                     "show": true,
                     "values": [ ]
                  },
                  "yaxes": [
                     {
                        "format": "bytes",
                        "label": null,
                        "logBase": 1,
                        "max": null,
                        "min": 0,
                        "show": true
                     },
                     {
                        "format": "short",
                        "label": null,
                        "logBase": 1,
                        "max": null,
                        "min": null,
                        "show": false
                     }
                  ]
               }
            ],
            "repeat": null,
            "repeatIteration": null,
            "repeatRowId": null,
            "showTitle": true,
            "title": "Querier",
            "titleSize": "h6"
         },
         {
            "collapse": false,
            "height": "250px",
            "panels": [
               {
                  "aliasColors": { },
                  "bars": false,
                  "dashLength": 10,
                  "dashes": false,
                  "datasource": "$datasource",
                  "fill": 0,
                  "id": 10,
                  "legend": {
                     "avg": false,
                     "current": false,
                     "max": false,
                     "min": false,
                     "show": true,
                     "total": false,
                     "values": false
                  },
                  "lines": true,
                  "linewidth": 1,
                  "links": [ ],
                  "nullPointMode": "null as zero",
                  "percentage": false,
                  "pointradius": 5,
                  "points": false,
                  "renderer": "flot",
                  "seriesOverrides": [
                     {
                        "alias": "request",
                        "color": "#FFC000",
                        "dashLength": 5,
                        "dashes": true,
                        "fill": 0
                     },
                     {
                        "alias": "limit",
                        "color": "#E02F44",
                        "dashLength": 5,
                        "dashes": true,
                        "fill": 0
                     }
                  ],
                  "spaceLength": 10,
                  "span": 6,
                  "stack": false,
                  "steppedLine": false,
                  "targets": [
                     {
                        "expr": "sum by(pod) (rate(node_cpu_seconds_total{mode=\"user\",cluster=~\"$cluster\", namespace=~\"$namespace\",pod=~\".*ingester.*\"}[$__rate_interval]))",
                        "format": "time_series",
                        "intervalFactor": 2,
                        "legendFormat": "{{pod}}",
                        "legendLink": null,
                        "step": 10
                     }
                  ],
                  "thresholds": [ ],
                  "timeFrom": null,
                  "timeShift": null,
                  "title": "CPU",
                  "tooltip": {
                     "sort": 2
                  },
                  "type": "graph",
                  "xaxis": {
                     "buckets": null,
                     "mode": "time",
                     "name": null,
                     "show": true,
                     "values": [ ]
                  },
                  "yaxes": [
                     {
                        "format": "short",
                        "label": null,
                        "logBase": 1,
                        "max": null,
                        "min": 0,
                        "show": true
                     },
                     {
                        "format": "short",
                        "label": null,
                        "logBase": 1,
                        "max": null,
                        "min": null,
                        "show": false
                     }
                  ]
               },
               {
                  "aliasColors": { },
                  "bars": false,
                  "dashLength": 10,
                  "dashes": false,
                  "datasource": "$datasource",
                  "fill": 0,
                  "id": 11,
                  "legend": {
                     "avg": false,
                     "current": false,
                     "max": false,
                     "min": false,
                     "show": true,
                     "total": false,
                     "values": false
                  },
                  "lines": true,
                  "linewidth": 1,
                  "links": [ ],
                  "nullPointMode": "null as zero",
                  "percentage": false,
                  "pointradius": 5,
                  "points": false,
                  "renderer": "flot",
                  "seriesOverrides": [ ],
                  "spaceLength": 10,
                  "span": 6,
                  "stack": false,
                  "steppedLine": false,
                  "targets": [
                     {
                        "expr": "sum by(pod) (go_memstats_heap_inuse_bytes{cluster=~\"$cluster\", job=~\"($namespace)/((ingester.*|cortex|mimir|mimir-write.*))\"})",
                        "format": "time_series",
                        "intervalFactor": 2,
                        "legendFormat": "{{pod}}",
                        "legendLink": null,
                        "step": 10
                     }
                  ],
                  "thresholds": [ ],
                  "timeFrom": null,
                  "timeShift": null,
                  "title": "Memory (go heap inuse)",
                  "tooltip": {
                     "sort": 2
                  },
                  "type": "graph",
                  "xaxis": {
                     "buckets": null,
                     "mode": "time",
                     "name": null,
                     "show": true,
                     "values": [ ]
                  },
                  "yaxes": [
                     {
                        "format": "bytes",
                        "label": null,
                        "logBase": 1,
                        "max": null,
                        "min": 0,
                        "show": true
                     },
                     {
                        "format": "short",
                        "label": null,
                        "logBase": 1,
                        "max": null,
                        "min": null,
                        "show": false
                     }
                  ]
               }
            ],
            "repeat": null,
            "repeatIteration": null,
            "repeatRowId": null,
            "showTitle": true,
            "title": "Ingester",
            "titleSize": "h6"
         },
         {
            "collapse": false,
            "height": "250px",
            "panels": [
               {
                  "aliasColors": { },
                  "bars": false,
                  "dashLength": 10,
                  "dashes": false,
                  "datasource": "$datasource",
                  "fill": 0,
                  "id": 12,
                  "legend": {
                     "avg": false,
                     "current": false,
                     "max": false,
                     "min": false,
                     "show": true,
                     "total": false,
                     "values": false
                  },
                  "lines": true,
                  "linewidth": 1,
                  "links": [ ],
                  "nullPointMode": "null as zero",
                  "percentage": false,
                  "pointradius": 5,
                  "points": false,
                  "renderer": "flot",
                  "seriesOverrides": [
                     {
                        "alias": "request",
                        "color": "#FFC000",
                        "dashLength": 5,
                        "dashes": true,
                        "fill": 0
                     },
                     {
                        "alias": "limit",
                        "color": "#E02F44",
                        "dashLength": 5,
                        "dashes": true,
                        "fill": 0
                     }
                  ],
                  "spaceLength": 10,
                  "span": 6,
                  "stack": false,
                  "steppedLine": false,
                  "targets": [
                     {
                        "expr": "node_memory_Active_anon_bytes{cluster=~\"$cluster\", namespace=~\"$namespace\",pod=~\".*ingester.*\"}\n+ node_memory_SwapCached_bytes{cluster=~\"$cluster\", namespace=~\"$namespace\",pod=~\".*ingester.*\"}\n",
                        "format": "time_series",
                        "intervalFactor": 2,
                        "legendFormat": "{{pod}}",
                        "legendLink": null,
                        "step": 10
                     }
                  ],
                  "thresholds": [ ],
                  "timeFrom": null,
                  "timeShift": null,
                  "title": "Memory (RSS)",
                  "tooltip": {
                     "sort": 2
                  },
                  "type": "graph",
                  "xaxis": {
                     "buckets": null,
                     "mode": "time",
                     "name": null,
                     "show": true,
                     "values": [ ]
                  },
                  "yaxes": [
                     {
                        "format": "bytes",
                        "label": null,
                        "logBase": 1,
                        "max": null,
                        "min": 0,
                        "show": true
                     },
                     {
                        "format": "short",
                        "label": null,
                        "logBase": 1,
                        "max": null,
                        "min": null,
                        "show": false
                     }
                  ]
               },
               {
                  "aliasColors": { },
                  "bars": false,
                  "dashLength": 10,
                  "dashes": false,
                  "datasource": "$datasource",
                  "fill": 0,
                  "id": 13,
                  "legend": {
                     "avg": false,
                     "current": false,
                     "max": false,
                     "min": false,
                     "show": true,
                     "total": false,
                     "values": false
                  },
                  "lines": true,
                  "linewidth": 1,
                  "links": [ ],
                  "nullPointMode": "null as zero",
                  "percentage": false,
                  "pointradius": 5,
                  "points": false,
                  "renderer": "flot",
                  "seriesOverrides": [
                     {
                        "alias": "request",
                        "color": "#FFC000",
                        "dashLength": 5,
                        "dashes": true,
                        "fill": 0
                     },
                     {
                        "alias": "limit",
                        "color": "#E02F44",
                        "dashLength": 5,
                        "dashes": true,
                        "fill": 0
                     }
                  ],
                  "spaceLength": 10,
                  "span": 6,
                  "stack": false,
                  "steppedLine": false,
                  "targets": [
                     {
                        "expr": "node_memory_MemTotal_bytes{cluster=~\"$cluster\", namespace=~\"$namespace\",pod=~\".*ingester.*\"}\n- node_memory_MemFree_bytes{cluster=~\"$cluster\", namespace=~\"$namespace\",pod=~\".*ingester.*\"}\n- node_memory_Buffers_bytes{cluster=~\"$cluster\", namespace=~\"$namespace\",pod=~\".*ingester.*\"}\n- node_memory_Cached_bytes{cluster=~\"$cluster\", namespace=~\"$namespace\",pod=~\".*ingester.*\"}\n- node_memory_Slab_bytes{cluster=~\"$cluster\", namespace=~\"$namespace\",pod=~\".*ingester.*\"}\n- node_memory_PageTables_bytes{cluster=~\"$cluster\", namespace=~\"$namespace\",pod=~\".*ingester.*\"}\n- node_memory_SwapCached_bytes{cluster=~\"$cluster\", namespace=~\"$namespace\",pod=~\".*ingester.*\"}\n",
                        "format": "time_series",
                        "intervalFactor": 2,
                        "legendFormat": "{{pod}}",
                        "legendLink": null,
                        "step": 10
                     }
                  ],
                  "thresholds": [ ],
                  "timeFrom": null,
                  "timeShift": null,
                  "title": "Memory (workingset)",
                  "tooltip": {
                     "sort": 2
                  },
                  "type": "graph",
                  "xaxis": {
                     "buckets": null,
                     "mode": "time",
                     "name": null,
                     "show": true,
                     "values": [ ]
                  },
                  "yaxes": [
                     {
                        "format": "bytes",
                        "label": null,
                        "logBase": 1,
                        "max": null,
                        "min": 0,
                        "show": true
                     },
                     {
                        "format": "short",
                        "label": null,
                        "logBase": 1,
                        "max": null,
                        "min": null,
                        "show": false
                     }
                  ]
               }
            ],
            "repeat": null,
            "repeatIteration": null,
            "repeatRowId": null,
            "showTitle": true,
            "title": "",
            "titleSize": "h6"
         },
         {
            "collapse": false,
            "height": "250px",
            "panels": [
               {
                  "aliasColors": { },
                  "bars": false,
                  "dashLength": 10,
                  "dashes": false,
                  "datasource": "$datasource",
                  "fill": 1,
                  "id": 14,
                  "legend": {
                     "avg": false,
                     "current": false,
                     "max": false,
                     "min": false,
                     "show": true,
                     "total": false,
                     "values": false
                  },
                  "lines": true,
                  "linewidth": 1,
                  "links": [ ],
                  "nullPointMode": "null as zero",
                  "percentage": false,
                  "pointradius": 5,
                  "points": false,
                  "renderer": "flot",
                  "seriesOverrides": [ ],
                  "spaceLength": 10,
                  "span": 6,
                  "stack": false,
                  "steppedLine": false,
                  "targets": [
                     {
                        "expr": "sum by(pod) (cortex_prometheus_rule_group_rules{cluster=~\"$cluster\", job=~\"($namespace)/((ruler|cortex|mimir|mimir-backend.*))\"})",
                        "format": "time_series",
                        "intervalFactor": 2,
                        "legendFormat": "{{pod}}",
                        "legendLink": null,
                        "step": 10
                     }
                  ],
                  "thresholds": [ ],
                  "timeFrom": null,
                  "timeShift": null,
                  "title": "Rules",
                  "tooltip": {
                     "shared": false,
                     "sort": 0,
                     "value_type": "individual"
                  },
                  "type": "graph",
                  "xaxis": {
                     "buckets": null,
                     "mode": "time",
                     "name": null,
                     "show": true,
                     "values": [ ]
                  },
                  "yaxes": [
                     {
                        "format": "short",
                        "label": null,
                        "logBase": 1,
                        "max": null,
                        "min": 0,
                        "show": true
                     },
                     {
                        "format": "short",
                        "label": null,
                        "logBase": 1,
                        "max": null,
                        "min": null,
                        "show": false
                     }
                  ]
               },
               {
                  "aliasColors": { },
                  "bars": false,
                  "dashLength": 10,
                  "dashes": false,
                  "datasource": "$datasource",
                  "fill": 0,
                  "id": 15,
                  "legend": {
                     "avg": false,
                     "current": false,
                     "max": false,
                     "min": false,
                     "show": true,
                     "total": false,
                     "values": false
                  },
                  "lines": true,
                  "linewidth": 1,
                  "links": [ ],
                  "nullPointMode": "null as zero",
                  "percentage": false,
                  "pointradius": 5,
                  "points": false,
                  "renderer": "flot",
                  "seriesOverrides": [
                     {
                        "alias": "request",
                        "color": "#FFC000",
                        "dashLength": 5,
                        "dashes": true,
                        "fill": 0
                     },
                     {
                        "alias": "limit",
                        "color": "#E02F44",
                        "dashLength": 5,
                        "dashes": true,
                        "fill": 0
                     }
                  ],
                  "spaceLength": 10,
                  "span": 6,
                  "stack": false,
                  "steppedLine": false,
                  "targets": [
                     {
                        "expr": "sum by(pod) (rate(node_cpu_seconds_total{mode=\"user\",cluster=~\"$cluster\", namespace=~\"$namespace\",pod=~\".*ruler.*\"}[$__rate_interval]))",
                        "format": "time_series",
                        "intervalFactor": 2,
                        "legendFormat": "{{pod}}",
                        "legendLink": null,
                        "step": 10
                     }
                  ],
                  "thresholds": [ ],
                  "timeFrom": null,
                  "timeShift": null,
                  "title": "CPU",
                  "tooltip": {
                     "sort": 2
                  },
                  "type": "graph",
                  "xaxis": {
                     "buckets": null,
                     "mode": "time",
                     "name": null,
                     "show": true,
                     "values": [ ]
                  },
                  "yaxes": [
                     {
                        "format": "short",
                        "label": null,
                        "logBase": 1,
                        "max": null,
                        "min": 0,
                        "show": true
                     },
                     {
                        "format": "short",
                        "label": null,
                        "logBase": 1,
                        "max": null,
                        "min": null,
                        "show": false
                     }
                  ]
               }
            ],
            "repeat": null,
            "repeatIteration": null,
            "repeatRowId": null,
            "showTitle": true,
            "title": "Ruler",
            "titleSize": "h6"
         },
         {
            "collapse": false,
            "height": "250px",
            "panels": [
               {
                  "aliasColors": { },
                  "bars": false,
                  "dashLength": 10,
                  "dashes": false,
                  "datasource": "$datasource",
                  "fill": 0,
                  "id": 16,
                  "legend": {
                     "avg": false,
                     "current": false,
                     "max": false,
                     "min": false,
                     "show": true,
                     "total": false,
                     "values": false
                  },
                  "lines": true,
                  "linewidth": 1,
                  "links": [ ],
                  "nullPointMode": "null as zero",
                  "percentage": false,
                  "pointradius": 5,
                  "points": false,
                  "renderer": "flot",
                  "seriesOverrides": [
                     {
                        "alias": "request",
                        "color": "#FFC000",
                        "dashLength": 5,
                        "dashes": true,
                        "fill": 0
                     },
                     {
                        "alias": "limit",
                        "color": "#E02F44",
                        "dashLength": 5,
                        "dashes": true,
                        "fill": 0
                     }
                  ],
                  "spaceLength": 10,
                  "span": 6,
                  "stack": false,
                  "steppedLine": false,
                  "targets": [
                     {
                        "expr": "node_memory_MemTotal_bytes{cluster=~\"$cluster\", namespace=~\"$namespace\",pod=~\".*ruler.*\"}\n- node_memory_MemFree_bytes{cluster=~\"$cluster\", namespace=~\"$namespace\",pod=~\".*ruler.*\"}\n- node_memory_Buffers_bytes{cluster=~\"$cluster\", namespace=~\"$namespace\",pod=~\".*ruler.*\"}\n- node_memory_Cached_bytes{cluster=~\"$cluster\", namespace=~\"$namespace\",pod=~\".*ruler.*\"}\n- node_memory_Slab_bytes{cluster=~\"$cluster\", namespace=~\"$namespace\",pod=~\".*ruler.*\"}\n- node_memory_PageTables_bytes{cluster=~\"$cluster\", namespace=~\"$namespace\",pod=~\".*ruler.*\"}\n- node_memory_SwapCached_bytes{cluster=~\"$cluster\", namespace=~\"$namespace\",pod=~\".*ruler.*\"}\n",
                        "format": "time_series",
                        "intervalFactor": 2,
                        "legendFormat": "{{pod}}",
                        "legendLink": null,
                        "step": 10
                     }
                  ],
                  "thresholds": [ ],
                  "timeFrom": null,
                  "timeShift": null,
                  "title": "Memory (workingset)",
                  "tooltip": {
                     "sort": 2
                  },
                  "type": "graph",
                  "xaxis": {
                     "buckets": null,
                     "mode": "time",
                     "name": null,
                     "show": true,
                     "values": [ ]
                  },
                  "yaxes": [
                     {
                        "format": "bytes",
                        "label": null,
                        "logBase": 1,
                        "max": null,
                        "min": 0,
                        "show": true
                     },
                     {
                        "format": "short",
                        "label": null,
                        "logBase": 1,
                        "max": null,
                        "min": null,
                        "show": false
                     }
                  ]
               },
               {
                  "aliasColors": { },
                  "bars": false,
                  "dashLength": 10,
                  "dashes": false,
                  "datasource": "$datasource",
                  "fill": 0,
                  "id": 17,
                  "legend": {
                     "avg": false,
                     "current": false,
                     "max": false,
                     "min": false,
                     "show": true,
                     "total": false,
                     "values": false
                  },
                  "lines": true,
                  "linewidth": 1,
                  "links": [ ],
                  "nullPointMode": "null as zero",
                  "percentage": false,
                  "pointradius": 5,
                  "points": false,
                  "renderer": "flot",
                  "seriesOverrides": [ ],
                  "spaceLength": 10,
                  "span": 6,
                  "stack": false,
                  "steppedLine": false,
                  "targets": [
                     {
                        "expr": "sum by(pod) (go_memstats_heap_inuse_bytes{cluster=~\"$cluster\", job=~\"($namespace)/((ruler|cortex|mimir|mimir-backend.*))\"})",
                        "format": "time_series",
                        "intervalFactor": 2,
                        "legendFormat": "{{pod}}",
                        "legendLink": null,
                        "step": 10
                     }
                  ],
                  "thresholds": [ ],
                  "timeFrom": null,
                  "timeShift": null,
                  "title": "Memory (go heap inuse)",
                  "tooltip": {
                     "sort": 2
                  },
                  "type": "graph",
                  "xaxis": {
                     "buckets": null,
                     "mode": "time",
                     "name": null,
                     "show": true,
                     "values": [ ]
                  },
                  "yaxes": [
                     {
                        "format": "bytes",
                        "label": null,
                        "logBase": 1,
                        "max": null,
                        "min": 0,
                        "show": true
                     },
                     {
                        "format": "short",
                        "label": null,
                        "logBase": 1,
                        "max": null,
                        "min": null,
                        "show": false
                     }
                  ]
               }
            ],
            "repeat": null,
            "repeatIteration": null,
            "repeatRowId": null,
            "showTitle": true,
            "title": "",
            "titleSize": "h6"
         },
         {
            "collapse": false,
            "height": "250px",
            "panels": [
               {
                  "aliasColors": { },
                  "bars": false,
                  "dashLength": 10,
                  "dashes": false,
                  "datasource": "$datasource",
                  "fill": 0,
                  "id": 18,
                  "legend": {
                     "avg": false,
                     "current": false,
                     "max": false,
                     "min": false,
                     "show": true,
                     "total": false,
                     "values": false
                  },
                  "lines": true,
                  "linewidth": 1,
                  "links": [ ],
                  "nullPointMode": "null as zero",
                  "percentage": false,
                  "pointradius": 5,
                  "points": false,
                  "renderer": "flot",
                  "seriesOverrides": [
                     {
                        "alias": "request",
                        "color": "#FFC000",
                        "dashLength": 5,
                        "dashes": true,
                        "fill": 0
                     },
                     {
                        "alias": "limit",
                        "color": "#E02F44",
                        "dashLength": 5,
                        "dashes": true,
                        "fill": 0
                     }
                  ],
                  "spaceLength": 10,
                  "span": 6,
                  "stack": false,
                  "steppedLine": false,
                  "targets": [
                     {
                        "expr": "sum by(pod) (rate(node_cpu_seconds_total{mode=\"user\",cluster=~\"$cluster\", namespace=~\"$namespace\",pod=~\".*store-gateway.*\"}[$__rate_interval]))",
                        "format": "time_series",
                        "intervalFactor": 2,
                        "legendFormat": "{{pod}}",
                        "legendLink": null,
                        "step": 10
                     }
                  ],
                  "thresholds": [ ],
                  "timeFrom": null,
                  "timeShift": null,
                  "title": "CPU",
                  "tooltip": {
                     "sort": 2
                  },
                  "type": "graph",
                  "xaxis": {
                     "buckets": null,
                     "mode": "time",
                     "name": null,
                     "show": true,
                     "values": [ ]
                  },
                  "yaxes": [
                     {
                        "format": "short",
                        "label": null,
                        "logBase": 1,
                        "max": null,
                        "min": 0,
                        "show": true
                     },
                     {
                        "format": "short",
                        "label": null,
                        "logBase": 1,
                        "max": null,
                        "min": null,
                        "show": false
                     }
                  ]
               },
               {
                  "aliasColors": { },
                  "bars": false,
                  "dashLength": 10,
                  "dashes": false,
                  "datasource": "$datasource",
                  "fill": 0,
                  "id": 19,
                  "legend": {
                     "avg": false,
                     "current": false,
                     "max": false,
                     "min": false,
                     "show": true,
                     "total": false,
                     "values": false
                  },
                  "lines": true,
                  "linewidth": 1,
                  "links": [ ],
                  "nullPointMode": "null as zero",
                  "percentage": false,
                  "pointradius": 5,
                  "points": false,
                  "renderer": "flot",
                  "seriesOverrides": [ ],
                  "spaceLength": 10,
                  "span": 6,
                  "stack": false,
                  "steppedLine": false,
                  "targets": [
                     {
                        "expr": "sum by(pod) (go_memstats_heap_inuse_bytes{cluster=~\"$cluster\", job=~\"($namespace)/((store-gateway.*|cortex|mimir|mimir-backend.*))\"})",
                        "format": "time_series",
                        "intervalFactor": 2,
                        "legendFormat": "{{pod}}",
                        "legendLink": null,
                        "step": 10
                     }
                  ],
                  "thresholds": [ ],
                  "timeFrom": null,
                  "timeShift": null,
                  "title": "Memory (go heap inuse)",
                  "tooltip": {
                     "sort": 2
                  },
                  "type": "graph",
                  "xaxis": {
                     "buckets": null,
                     "mode": "time",
                     "name": null,
                     "show": true,
                     "values": [ ]
                  },
                  "yaxes": [
                     {
                        "format": "bytes",
                        "label": null,
                        "logBase": 1,
                        "max": null,
                        "min": 0,
                        "show": true
                     },
                     {
                        "format": "short",
                        "label": null,
                        "logBase": 1,
                        "max": null,
                        "min": null,
                        "show": false
                     }
                  ]
               }
            ],
            "repeat": null,
            "repeatIteration": null,
            "repeatRowId": null,
            "showTitle": true,
            "title": "Store-gateway",
            "titleSize": "h6"
         },
         {
            "collapse": false,
            "height": "250px",
            "panels": [
               {
                  "aliasColors": { },
                  "bars": false,
                  "dashLength": 10,
                  "dashes": false,
                  "datasource": "$datasource",
                  "fill": 0,
                  "id": 20,
                  "legend": {
                     "avg": false,
                     "current": false,
                     "max": false,
                     "min": false,
                     "show": true,
                     "total": false,
                     "values": false
                  },
                  "lines": true,
                  "linewidth": 1,
                  "links": [ ],
                  "nullPointMode": "null as zero",
                  "percentage": false,
                  "pointradius": 5,
                  "points": false,
                  "renderer": "flot",
                  "seriesOverrides": [
                     {
                        "alias": "request",
                        "color": "#FFC000",
                        "dashLength": 5,
                        "dashes": true,
                        "fill": 0
                     },
                     {
                        "alias": "limit",
                        "color": "#E02F44",
                        "dashLength": 5,
                        "dashes": true,
                        "fill": 0
                     }
                  ],
                  "spaceLength": 10,
                  "span": 6,
                  "stack": false,
                  "steppedLine": false,
                  "targets": [
                     {
                        "expr": "node_memory_Active_anon_bytes{cluster=~\"$cluster\", namespace=~\"$namespace\",pod=~\".*store-gateway.*\"}\n+ node_memory_SwapCached_bytes{cluster=~\"$cluster\", namespace=~\"$namespace\",pod=~\".*store-gateway.*\"}\n",
                        "format": "time_series",
                        "intervalFactor": 2,
                        "legendFormat": "{{pod}}",
                        "legendLink": null,
                        "step": 10
                     }
                  ],
                  "thresholds": [ ],
                  "timeFrom": null,
                  "timeShift": null,
                  "title": "Memory (RSS)",
                  "tooltip": {
                     "sort": 2
                  },
                  "type": "graph",
                  "xaxis": {
                     "buckets": null,
                     "mode": "time",
                     "name": null,
                     "show": true,
                     "values": [ ]
                  },
                  "yaxes": [
                     {
                        "format": "bytes",
                        "label": null,
                        "logBase": 1,
                        "max": null,
                        "min": 0,
                        "show": true
                     },
                     {
                        "format": "short",
                        "label": null,
                        "logBase": 1,
                        "max": null,
                        "min": null,
                        "show": false
                     }
                  ]
               },
               {
                  "aliasColors": { },
                  "bars": false,
                  "dashLength": 10,
                  "dashes": false,
                  "datasource": "$datasource",
                  "fill": 0,
                  "id": 21,
                  "legend": {
                     "avg": false,
                     "current": false,
                     "max": false,
                     "min": false,
                     "show": true,
                     "total": false,
                     "values": false
                  },
                  "lines": true,
                  "linewidth": 1,
                  "links": [ ],
                  "nullPointMode": "null as zero",
                  "percentage": false,
                  "pointradius": 5,
                  "points": false,
                  "renderer": "flot",
                  "seriesOverrides": [
                     {
                        "alias": "request",
                        "color": "#FFC000",
                        "dashLength": 5,
                        "dashes": true,
                        "fill": 0
                     },
                     {
                        "alias": "limit",
                        "color": "#E02F44",
                        "dashLength": 5,
                        "dashes": true,
                        "fill": 0
                     }
                  ],
                  "spaceLength": 10,
                  "span": 6,
                  "stack": false,
                  "steppedLine": false,
                  "targets": [
                     {
                        "expr": "node_memory_MemTotal_bytes{cluster=~\"$cluster\", namespace=~\"$namespace\",pod=~\".*store-gateway.*\"}\n- node_memory_MemFree_bytes{cluster=~\"$cluster\", namespace=~\"$namespace\",pod=~\".*store-gateway.*\"}\n- node_memory_Buffers_bytes{cluster=~\"$cluster\", namespace=~\"$namespace\",pod=~\".*store-gateway.*\"}\n- node_memory_Cached_bytes{cluster=~\"$cluster\", namespace=~\"$namespace\",pod=~\".*store-gateway.*\"}\n- node_memory_Slab_bytes{cluster=~\"$cluster\", namespace=~\"$namespace\",pod=~\".*store-gateway.*\"}\n- node_memory_PageTables_bytes{cluster=~\"$cluster\", namespace=~\"$namespace\",pod=~\".*store-gateway.*\"}\n- node_memory_SwapCached_bytes{cluster=~\"$cluster\", namespace=~\"$namespace\",pod=~\".*store-gateway.*\"}\n",
                        "format": "time_series",
                        "intervalFactor": 2,
                        "legendFormat": "{{pod}}",
                        "legendLink": null,
                        "step": 10
                     }
                  ],
                  "thresholds": [ ],
                  "timeFrom": null,
                  "timeShift": null,
                  "title": "Memory (workingset)",
                  "tooltip": {
                     "sort": 2
                  },
                  "type": "graph",
                  "xaxis": {
                     "buckets": null,
                     "mode": "time",
                     "name": null,
                     "show": true,
                     "values": [ ]
                  },
                  "yaxes": [
                     {
                        "format": "bytes",
                        "label": null,
                        "logBase": 1,
                        "max": null,
                        "min": 0,
                        "show": true
                     },
                     {
                        "format": "short",
                        "label": null,
                        "logBase": 1,
                        "max": null,
                        "min": null,
                        "show": false
                     }
                  ]
               }
            ],
            "repeat": null,
            "repeatIteration": null,
            "repeatRowId": null,
            "showTitle": true,
            "title": "",
            "titleSize": "h6"
         },
         {
            "collapse": false,
            "height": "250px",
            "panels": [
               {
                  "aliasColors": { },
                  "bars": false,
                  "dashLength": 10,
                  "dashes": false,
                  "datasource": "$datasource",
                  "fill": 10,
                  "id": 22,
                  "legend": {
                     "avg": false,
                     "current": false,
                     "max": false,
                     "min": false,
                     "show": true,
                     "total": false,
                     "values": false
                  },
                  "lines": true,
                  "linewidth": 0,
                  "links": [ ],
                  "nullPointMode": "null as zero",
                  "percentage": false,
                  "pointradius": 5,
                  "points": false,
                  "renderer": "flot",
                  "seriesOverrides": [ ],
                  "spaceLength": 10,
                  "span": 4,
                  "stack": true,
                  "steppedLine": false,
                  "targets": [
                     {
                        "expr": "sum by(instance, pod, device) (\n  rate(\n    node_disk_written_bytes_total{cluster=~\"$cluster\", namespace=~\"$namespace\",pod=~\".*store-gateway.*\"}[$__rate_interval]\n  )\n)\n",
                        "format": "time_series",
                        "intervalFactor": 2,
                        "legendFormat": "{{pod}} - {{device}}",
                        "legendLink": null,
                        "step": 10
                     }
                  ],
                  "thresholds": [ ],
                  "timeFrom": null,
                  "timeShift": null,
                  "title": "Disk writes",
                  "tooltip": {
                     "shared": false,
                     "sort": 0,
                     "value_type": "individual"
                  },
                  "type": "graph",
                  "xaxis": {
                     "buckets": null,
                     "mode": "time",
                     "name": null,
                     "show": true,
                     "values": [ ]
                  },
                  "yaxes": [
                     {
                        "format": "Bps",
                        "label": null,
                        "logBase": 1,
                        "max": null,
                        "min": 0,
                        "show": true
                     },
                     {
                        "format": "short",
                        "label": null,
                        "logBase": 1,
                        "max": null,
                        "min": null,
                        "show": false
                     }
                  ]
               },
               {
                  "aliasColors": { },
                  "bars": false,
                  "dashLength": 10,
                  "dashes": false,
                  "datasource": "$datasource",
                  "fill": 10,
                  "id": 23,
                  "legend": {
                     "avg": false,
                     "current": false,
                     "max": false,
                     "min": false,
                     "show": true,
                     "total": false,
                     "values": false
                  },
                  "lines": true,
                  "linewidth": 0,
                  "links": [ ],
                  "nullPointMode": "null as zero",
                  "percentage": false,
                  "pointradius": 5,
                  "points": false,
                  "renderer": "flot",
                  "seriesOverrides": [ ],
                  "spaceLength": 10,
                  "span": 4,
                  "stack": true,
                  "steppedLine": false,
                  "targets": [
                     {
                        "expr": "sum by(instance, pod, device) (\n  rate(\n    node_disk_read_bytes_total{cluster=~\"$cluster\", namespace=~\"$namespace\",pod=~\".*store-gateway.*\"}[$__rate_interval]\n  )\n)\n",
                        "format": "time_series",
                        "intervalFactor": 2,
                        "legendFormat": "{{pod}} - {{device}}",
                        "legendLink": null,
                        "step": 10
                     }
                  ],
                  "thresholds": [ ],
                  "timeFrom": null,
                  "timeShift": null,
                  "title": "Disk reads",
                  "tooltip": {
                     "shared": false,
                     "sort": 0,
                     "value_type": "individual"
                  },
                  "type": "graph",
                  "xaxis": {
                     "buckets": null,
                     "mode": "time",
                     "name": null,
                     "show": true,
                     "values": [ ]
                  },
                  "yaxes": [
                     {
                        "format": "Bps",
                        "label": null,
                        "logBase": 1,
                        "max": null,
                        "min": 0,
                        "show": true
                     },
                     {
                        "format": "short",
                        "label": null,
                        "logBase": 1,
                        "max": null,
                        "min": null,
                        "show": false
                     }
                  ]
               },
               {
                  "aliasColors": { },
                  "bars": false,
                  "dashLength": 10,
                  "dashes": false,
                  "datasource": "$datasource",
                  "fill": 0,
                  "id": 24,
                  "legend": {
                     "avg": false,
                     "current": false,
                     "max": false,
                     "min": false,
                     "show": true,
                     "total": false,
                     "values": false
                  },
                  "lines": true,
                  "linewidth": 1,
                  "links": [ ],
                  "nullPointMode": "null as zero",
                  "percentage": false,
                  "pointradius": 5,
                  "points": false,
                  "renderer": "flot",
                  "seriesOverrides": [ ],
                  "spaceLength": 10,
                  "span": 4,
                  "stack": false,
                  "steppedLine": false,
                  "targets": [
                     {
                        "expr": "1 - ((node_filesystem_avail_bytes{cluster=~\"$cluster\", namespace=~\"$namespace\",pod=~\".*store-gateway.*\", mountpoint=\"/\"})\n    / node_filesystem_size_bytes{cluster=~\"$cluster\", namespace=~\"$namespace\",pod=~\".*store-gateway.*\", mountpoint=\"/\"})\n",
                        "format": "time_series",
                        "intervalFactor": 2,
                        "legendFormat": "{{instance}}",
                        "legendLink": null,
                        "step": 10
                     }
                  ],
                  "thresholds": [ ],
                  "timeFrom": null,
                  "timeShift": null,
                  "title": "Disk space utilization",
                  "tooltip": {
                     "shared": false,
                     "sort": 0,
                     "value_type": "individual"
                  },
                  "type": "graph",
                  "xaxis": {
                     "buckets": null,
                     "mode": "time",
                     "name": null,
                     "show": true,
                     "values": [ ]
                  },
                  "yaxes": [
                     {
                        "format": "percentunit",
                        "label": null,
                        "logBase": 1,
                        "max": null,
                        "min": 0,
                        "show": true
                     },
                     {
                        "format": "short",
                        "label": null,
                        "logBase": 1,
                        "max": null,
                        "min": null,
                        "show": false
                     }
                  ]
               }
            ],
            "repeat": null,
            "repeatIteration": null,
            "repeatRowId": null,
            "showTitle": true,
            "title": "",
            "titleSize": "h6"
         }
      ],
      "schemaVersion": 14,
      "style": "dark",
      "tags": [
         "mimir"
      ],
      "templating": {
         "list": [
            {
               "current": {
                  "text": "default",
                  "value": "default"
               },
               "hide": 0,
               "label": "Data Source",
               "name": "datasource",
               "options": [ ],
               "query": "prometheus",
               "refresh": 1,
               "regex": "",
               "type": "datasource"
            },
            {
               "allValue": ".*",
               "current": {
                  "text": "prod",
                  "value": "prod"
               },
               "datasource": "$datasource",
               "hide": 0,
               "includeAll": true,
               "label": "cluster",
               "multi": false,
               "name": "cluster",
               "options": [ ],
               "query": "label_values(cortex_build_info, cluster)",
               "refresh": 1,
               "regex": "",
               "sort": 2,
               "tagValuesQuery": "",
               "tags": [ ],
               "tagsQuery": "",
               "type": "query",
               "useTags": false
            },
            {
               "allValue": null,
               "current": {
                  "text": "prod",
                  "value": "prod"
               },
               "datasource": "$datasource",
               "hide": 0,
               "includeAll": false,
               "label": "namespace",
               "multi": false,
               "name": "namespace",
               "options": [ ],
               "query": "label_values(cortex_build_info{cluster=~\"$cluster\"}, namespace)",
               "refresh": 1,
               "regex": "",
               "sort": 2,
               "tagValuesQuery": "",
               "tags": [ ],
               "tagsQuery": "",
               "type": "query",
               "useTags": false
            }
         ]
      },
      "time": {
         "from": "now-1h",
         "to": "now"
      },
      "timepicker": {
         "refresh_intervals": [
            "5s",
            "10s",
            "30s",
            "1m",
            "5m",
            "15m",
            "30m",
            "1h",
            "2h",
            "1d"
         ],
         "time_options": [
            "5m",
            "15m",
            "1h",
            "6h",
            "12h",
            "24h",
            "2d",
            "7d",
            "30d"
         ]
      },
      "timezone": "utc",
      "title": "Mimir / Reads resources",
      "uid": "cc86fd5aa9301c6528986572ad974db9",
      "version": 0
   }