{
      "__requires": [
         {
            "id": "grafana",
            "name": "Grafana",
            "type": "grafana",
            "version": "8.0.0"
         }
      ],
      "annotations": {
         "list": [ ]
      },
      "editable": true,
      "gnetId": null,
      "graphTooltip": 0,
      "hideControls": false,
      "links": [
         {
            "asDropdown": true,
            "icon": "external link",
            "includeVars": true,
            "keepTime": true,
            "tags": [
               "mimir"
            ],
            "targetBlank": false,
            "title": "Mimir dashboards",
            "type": "dashboards"
         }
      ],
      "refresh": "10s",
      "rows": [
         {
            "collapse": false,
            "height": "250px",
            "panels": [
               {
                  "aliasColors": { },
                  "bars": false,
                  "dashLength": 10,
                  "dashes": false,
                  "datasource": "$datasource",
                  "fill": 10,
                  "id": 1,
                  "legend": {
                     "avg": false,
                     "current": false,
                     "max": false,
                     "min": false,
                     "show": true,
                     "total": false,
                     "values": false
                  },
                  "lines": true,
                  "linewidth": 0,
                  "links": [ ],
                  "nullPointMode": "null as zero",
                  "percentage": false,
                  "pointradius": 5,
                  "points": false,
                  "renderer": "flot",
                  "seriesOverrides": [ ],
                  "spaceLength": 10,
                  "span": 6,
                  "stack": true,
                  "steppedLine": false,
                  "targets": [
                     {
                        "expr": "sum by(component) (rate(thanos_objstore_bucket_operations_total{cluster=~\"$cluster\", namespace=~\"$namespace\"}[$__rate_interval]))",
                        "format": "time_series",
                        "intervalFactor": 2,
                        "legendFormat": "{{component}}",
                        "legendLink": null,
                        "step": 10
                     }
                  ],
                  "thresholds": [ ],
                  "timeFrom": null,
                  "timeShift": null,
                  "title": "RPS / component",
                  "tooltip": {
                     "shared": false,
                     "sort": 0,
                     "value_type": "individual"
                  },
                  "type": "graph",
                  "xaxis": {
                     "buckets": null,
                     "mode": "time",
                     "name": null,
                     "show": true,
                     "values": [ ]
                  },
                  "yaxes": [
                     {
                        "format": "reqps",
                        "label": null,
                        "logBase": 1,
                        "max": null,
                        "min": 0,
                        "show": true
                     },
                     {
                        "format": "short",
                        "label": null,
                        "logBase": 1,
                        "max": null,
                        "min": null,
                        "show": false
                     }
                  ]
               },
               {
                  "aliasColors": { },
                  "bars": false,
                  "dashLength": 10,
                  "dashes": false,
                  "datasource": "$datasource",
                  "fill": 1,
                  "id": 2,
                  "legend": {
                     "avg": false,
                     "current": false,
                     "max": false,
                     "min": false,
                     "show": true,
                     "total": false,
                     "values": false
                  },
                  "lines": true,
                  "linewidth": 1,
                  "links": [ ],
                  "nullPointMode": "null as zero",
                  "percentage": false,
                  "pointradius": 5,
                  "points": false,
                  "renderer": "flot",
                  "seriesOverrides": [ ],
                  "spaceLength": 10,
                  "span": 6,
                  "stack": false,
                  "steppedLine": false,
                  "targets": [
                     {
                        "expr": "sum by(component) (rate(thanos_objstore_bucket_operation_failures_total{cluster=~\"$cluster\", namespace=~\"$namespace\"}[$__rate_interval])) / sum by(component) (rate(thanos_objstore_bucket_operations_total{cluster=~\"$cluster\", namespace=~\"$namespace\"}[$__rate_interval]))",
                        "format": "time_series",
                        "intervalFactor": 2,
                        "legendFormat": "{{component}}",
                        "legendLink": null,
                        "step": 10
                     }
                  ],
                  "thresholds": [ ],
                  "timeFrom": null,
                  "timeShift": null,
                  "title": "Error rate / component",
                  "tooltip": {
                     "shared": false,
                     "sort": 0,
                     "value_type": "individual"
                  },
                  "type": "graph",
                  "xaxis": {
                     "buckets": null,
                     "mode": "time",
                     "name": null,
                     "show": true,
                     "values": [ ]
                  },
                  "yaxes": [
                     {
                        "format": "percentunit",
                        "label": null,
                        "logBase": 1,
                        "max": null,
                        "min": 0,
                        "show": true
                     },
                     {
                        "format": "short",
                        "label": null,
                        "logBase": 1,
                        "max": null,
                        "min": null,
                        "show": false
                     }
                  ]
               }
            ],
            "repeat": null,
            "repeatIteration": null,
            "repeatRowId": null,
            "showTitle": true,
            "title": "Components",
            "titleSize": "h6"
         },
         {
            "collapse": false,
            "height": "250px",
            "panels": [
               {
                  "aliasColors": { },
                  "bars": false,
                  "dashLength": 10,
                  "dashes": false,
                  "datasource": "$datasource",
                  "fill": 10,
                  "id": 3,
                  "legend": {
                     "avg": false,
                     "current": false,
                     "max": false,
                     "min": false,
                     "show": true,
                     "total": false,
                     "values": false
                  },
                  "lines": true,
                  "linewidth": 0,
                  "links": [ ],
                  "nullPointMode": "null as zero",
                  "percentage": false,
                  "pointradius": 5,
                  "points": false,
                  "renderer": "flot",
                  "seriesOverrides": [ ],
                  "spaceLength": 10,
                  "span": 6,
                  "stack": true,
                  "steppedLine": false,
                  "targets": [
                     {
                        "expr": "sum by(operation) (rate(thanos_objstore_bucket_operations_total{cluster=~\"$cluster\", namespace=~\"$namespace\"}[$__rate_interval]))",
                        "format": "time_series",
                        "intervalFactor": 2,
                        "legendFormat": "{{operation}}",
                        "legendLink": null,
                        "step": 10
                     }
                  ],
                  "thresholds": [ ],
                  "timeFrom": null,
                  "timeShift": null,
                  "title": "RPS / operation",
                  "tooltip": {
                     "shared": false,
                     "sort": 0,
                     "value_type": "individual"
                  },
                  "type": "graph",
                  "xaxis": {
                     "buckets": null,
                     "mode": "time",
                     "name": null,
                     "show": true,
                     "values": [ ]
                  },
                  "yaxes": [
                     {
                        "format": "reqps",
                        "label": null,
                        "logBase": 1,
                        "max": null,
                        "min": 0,
                        "show": true
                     },
                     {
                        "format": "short",
                        "label": null,
                        "logBase": 1,
                        "max": null,
                        "min": null,
                        "show": false
                     }
                  ]
               },
               {
                  "aliasColors": { },
                  "bars": false,
                  "dashLength": 10,
                  "dashes": false,
                  "datasource": "$datasource",
                  "fill": 1,
                  "id": 4,
                  "legend": {
                     "avg": false,
                     "current": false,
                     "max": false,
                     "min": false,
                     "show": true,
                     "total": false,
                     "values": false
                  },
                  "lines": true,
                  "linewidth": 1,
                  "links": [ ],
                  "nullPointMode": "null as zero",
                  "percentage": false,
                  "pointradius": 5,
                  "points": false,
                  "renderer": "flot",
                  "seriesOverrides": [ ],
                  "spaceLength": 10,
                  "span": 6,
                  "stack": false,
                  "steppedLine": false,
                  "targets": [
                     {
                        "expr": "sum by(operation) (rate(thanos_objstore_bucket_operation_failures_total{cluster=~\"$cluster\", namespace=~\"$namespace\"}[$__rate_interval])) / sum by(operation) (rate(thanos_objstore_bucket_operations_total{cluster=~\"$cluster\", namespace=~\"$namespace\"}[$__rate_interval]))",
                        "format": "time_series",
                        "intervalFactor": 2,
                        "legendFormat": "{{operation}}",
                        "legendLink": null,
                        "step": 10
                     }
                  ],
                  "thresholds": [ ],
                  "timeFrom": null,
                  "timeShift": null,
                  "title": "Error rate / operation",
                  "tooltip": {
                     "shared": false,
                     "sort": 0,
                     "value_type": "individual"
                  },
                  "type": "graph",
                  "xaxis": {
                     "buckets": null,
                     "mode": "time",
                     "name": null,
                     "show": true,
                     "values": [ ]
                  },
                  "yaxes": [
                     {
                        "format": "percentunit",
                        "label": null,
                        "logBase": 1,
                        "max": null,
                        "min": 0,
                        "show": true
                     },
                     {
                        "format": "short",
                        "label": null,
                        "logBase": 1,
                        "max": null,
                        "min": null,
                        "show": false
                     }
                  ]
               }
            ],
            "repeat": null,
            "repeatIteration": null,
            "repeatRowId": null,
            "showTitle": true,
            "title": "Operations",
            "titleSize": "h6"
         },
         {
            "collapse": false,
            "height": "250px",
            "panels": [
               {
                  "aliasColors": { },
                  "bars": false,
                  "dashLength": 10,
                  "dashes": false,
                  "datasource": "$datasource",
                  "fill": 1,
                  "id": 5,
                  "legend": {
                     "avg": false,
                     "current": false,
                     "max": false,
                     "min": false,
                     "show": true,
                     "total": false,
                     "values": false
                  },
                  "lines": true,
                  "linewidth": 1,
                  "links": [ ],
                  "nullPointMode": "null as zero",
                  "percentage": false,
                  "pointradius": 5,
                  "points": false,
                  "renderer": "flot",
                  "seriesOverrides": [ ],
                  "spaceLength": 10,
                  "span": 4,
                  "stack": false,
                  "steppedLine": false,
                  "targets": [
                     {
                        "expr": "histogram_quantile(0.99, sum(rate(thanos_objstore_bucket_operation_duration_seconds_bucket{cluster=~\"$cluster\", namespace=~\"$namespace\",operation=\"get\"}[$__rate_interval])) by (le)) * 1e3",
                        "format": "time_series",
                        "intervalFactor": 2,
                        "legendFormat": "99th Percentile",
                        "refId": "A",
                        "step": 10
                     },
                     {
                        "expr": "histogram_quantile(0.50, sum(rate(thanos_objstore_bucket_operation_duration_seconds_bucket{cluster=~\"$cluster\", namespace=~\"$namespace\",operation=\"get\"}[$__rate_interval])) by (le)) * 1e3",
                        "format": "time_series",
                        "intervalFactor": 2,
                        "legendFormat": "50th Percentile",
                        "refId": "B",
                        "step": 10
                     },
                     {
                        "expr": "sum(rate(thanos_objstore_bucket_operation_duration_seconds_sum{cluster=~\"$cluster\", namespace=~\"$namespace\",operation=\"get\"}[$__rate_interval])) * 1e3 / sum(rate(thanos_objstore_bucket_operation_duration_seconds_count{cluster=~\"$cluster\", namespace=~\"$namespace\",operation=\"get\"}[$__rate_interval]))",
                        "format": "time_series",
                        "intervalFactor": 2,
                        "legendFormat": "Average",
                        "refId": "C",
                        "step": 10
                     }
                  ],
                  "thresholds": [ ],
                  "timeFrom": null,
                  "timeShift": null,
                  "title": "Op: Get",
                  "tooltip": {
                     "shared": false,
                     "sort": 0,
                     "value_type": "individual"
                  },
                  "type": "graph",
                  "xaxis": {
                     "buckets": null,
                     "mode": "time",
                     "name": null,
                     "show": true,
                     "values": [ ]
                  },
                  "yaxes": [
                     {
                        "format": "ms",
                        "label": null,
                        "logBase": 1,
                        "max": null,
                        "min": 0,
                        "show": true
                     },
                     {
                        "format": "short",
                        "label": null,
                        "logBase": 1,
                        "max": null,
                        "min": null,
                        "show": false
                     }
                  ]
               },
               {
                  "aliasColors": { },
                  "bars": false,
                  "dashLength": 10,
                  "dashes": false,
                  "datasource": "$datasource",
                  "fill": 1,
                  "id": 6,
                  "legend": {
                     "avg": false,
                     "current": false,
                     "max": false,
                     "min": false,
                     "show": true,
                     "total": false,
                     "values": false
                  },
                  "lines": true,
                  "linewidth": 1,
                  "links": [ ],
                  "nullPointMode": "null as zero",
                  "percentage": false,
                  "pointradius": 5,
                  "points": false,
                  "renderer": "flot",
                  "seriesOverrides": [ ],
                  "spaceLength": 10,
                  "span": 4,
                  "stack": false,
                  "steppedLine": false,
                  "targets": [
                     {
                        "expr": "histogram_quantile(0.99, sum(rate(thanos_objstore_bucket_operation_duration_seconds_bucket{cluster=~\"$cluster\", namespace=~\"$namespace\",operation=\"get_range\"}[$__rate_interval])) by (le)) * 1e3",
                        "format": "time_series",
                        "intervalFactor": 2,
                        "legendFormat": "99th Percentile",
                        "refId": "A",
                        "step": 10
                     },
                     {
                        "expr": "histogram_quantile(0.50, sum(rate(thanos_objstore_bucket_operation_duration_seconds_bucket{cluster=~\"$cluster\", namespace=~\"$namespace\",operation=\"get_range\"}[$__rate_interval])) by (le)) * 1e3",
                        "format": "time_series",
                        "intervalFactor": 2,
                        "legendFormat": "50th Percentile",
                        "refId": "B",
                        "step": 10
                     },
                     {
                        "expr": "sum(rate(thanos_objstore_bucket_operation_duration_seconds_sum{cluster=~\"$cluster\", namespace=~\"$namespace\",operation=\"get_range\"}[$__rate_interval])) * 1e3 / sum(rate(thanos_objstore_bucket_operation_duration_seconds_count{cluster=~\"$cluster\", namespace=~\"$namespace\",operation=\"get_range\"}[$__rate_interval]))",
                        "format": "time_series",
                        "intervalFactor": 2,
                        "legendFormat": "Average",
                        "refId": "C",
                        "step": 10
                     }
                  ],
                  "thresholds": [ ],
                  "timeFrom": null,
                  "timeShift": null,
                  "title": "Op: GetRange",
                  "tooltip": {
                     "shared": false,
                     "sort": 0,
                     "value_type": "individual"
                  },
                  "type": "graph",
                  "xaxis": {
                     "buckets": null,
                     "mode": "time",
                     "name": null,
                     "show": true,
                     "values": [ ]
                  },
                  "yaxes": [
                     {
                        "format": "ms",
                        "label": null,
                        "logBase": 1,
                        "max": null,
                        "min": 0,
                        "show": true
                     },
                     {
                        "format": "short",
                        "label": null,
                        "logBase": 1,
                        "max": null,
                        "min": null,
                        "show": false
                     }
                  ]
               },
               {
                  "aliasColors": { },
                  "bars": false,
                  "dashLength": 10,
                  "dashes": false,
                  "datasource": "$datasource",
                  "fill": 1,
                  "id": 7,
                  "legend": {
                     "avg": false,
                     "current": false,
                     "max": false,
                     "min": false,
                     "show": true,
                     "total": false,
                     "values": false
                  },
                  "lines": true,
                  "linewidth": 1,
                  "links": [ ],
                  "nullPointMode": "null as zero",
                  "percentage": false,
                  "pointradius": 5,
                  "points": false,
                  "renderer": "flot",
                  "seriesOverrides": [ ],
                  "spaceLength": 10,
                  "span": 4,
                  "stack": false,
                  "steppedLine": false,
                  "targets": [
                     {
                        "expr": "histogram_quantile(0.99, sum(rate(thanos_objstore_bucket_operation_duration_seconds_bucket{cluster=~\"$cluster\", namespace=~\"$namespace\",operation=\"exists\"}[$__rate_interval])) by (le)) * 1e3",
                        "format": "time_series",
                        "intervalFactor": 2,
                        "legendFormat": "99th Percentile",
                        "refId": "A",
                        "step": 10
                     },
                     {
                        "expr": "histogram_quantile(0.50, sum(rate(thanos_objstore_bucket_operation_duration_seconds_bucket{cluster=~\"$cluster\", namespace=~\"$namespace\",operation=\"exists\"}[$__rate_interval])) by (le)) * 1e3",
                        "format": "time_series",
                        "intervalFactor": 2,
                        "legendFormat": "50th Percentile",
                        "refId": "B",
                        "step": 10
                     },
                     {
                        "expr": "sum(rate(thanos_objstore_bucket_operation_duration_seconds_sum{cluster=~\"$cluster\", namespace=~\"$namespace\",operation=\"exists\"}[$__rate_interval])) * 1e3 / sum(rate(thanos_objstore_bucket_operation_duration_seconds_count{cluster=~\"$cluster\", namespace=~\"$namespace\",operation=\"exists\"}[$__rate_interval]))",
                        "format": "time_series",
                        "intervalFactor": 2,
                        "legendFormat": "Average",
                        "refId": "C",
                        "step": 10
                     }
                  ],
                  "thresholds": [ ],
                  "timeFrom": null,
                  "timeShift": null,
                  "title": "Op: Exists",
                  "tooltip": {
                     "shared": false,
                     "sort": 0,
                     "value_type": "individual"
                  },
                  "type": "graph",
                  "xaxis": {
                     "buckets": null,
                     "mode": "time",
                     "name": null,
                     "show": true,
                     "values": [ ]
                  },
                  "yaxes": [
                     {
                        "format": "ms",
                        "label": null,
                        "logBase": 1,
                        "max": null,
                        "min": 0,
                        "show": true
                     },
                     {
                        "format": "short",
                        "label": null,
                        "logBase": 1,
                        "max": null,
                        "min": null,
                        "show": false
                     }
                  ]
               }
            ],
            "repeat": null,
            "repeatIteration": null,
            "repeatRowId": null,
            "showTitle": true,
            "title": "",
            "titleSize": "h6"
         },
         {
            "collapse": false,
            "height": "250px",
            "panels": [
               {
                  "aliasColors": { },
                  "bars": false,
                  "dashLength": 10,
                  "dashes": false,
                  "datasource": "$datasource",
                  "fill": 1,
                  "id": 8,
                  "legend": {
                     "avg": false,
                     "current": false,
                     "max": false,
                     "min": false,
                     "show": true,
                     "total": false,
                     "values": false
                  },
                  "lines": true,
                  "linewidth": 1,
                  "links": [ ],
                  "nullPointMode": "null as zero",
                  "percentage": false,
                  "pointradius": 5,
                  "points": false,
                  "renderer": "flot",
                  "seriesOverrides": [ ],
                  "spaceLength": 10,
                  "span": 4,
                  "stack": false,
                  "steppedLine": false,
                  "targets": [
                     {
                        "expr": "histogram_quantile(0.99, sum(rate(thanos_objstore_bucket_operation_duration_seconds_bucket{cluster=~\"$cluster\", namespace=~\"$namespace\",operation=\"attributes\"}[$__rate_interval])) by (le)) * 1e3",
                        "format": "time_series",
                        "intervalFactor": 2,
                        "legendFormat": "99th Percentile",
                        "refId": "A",
                        "step": 10
                     },
                     {
                        "expr": "histogram_quantile(0.50, sum(rate(thanos_objstore_bucket_operation_duration_seconds_bucket{cluster=~\"$cluster\", namespace=~\"$namespace\",operation=\"attributes\"}[$__rate_interval])) by (le)) * 1e3",
                        "format": "time_series",
                        "intervalFactor": 2,
                        "legendFormat": "50th Percentile",
                        "refId": "B",
                        "step": 10
                     },
                     {
                        "expr": "sum(rate(thanos_objstore_bucket_operation_duration_seconds_sum{cluster=~\"$cluster\", namespace=~\"$namespace\",operation=\"attributes\"}[$__rate_interval])) * 1e3 / sum(rate(thanos_objstore_bucket_operation_duration_seconds_count{cluster=~\"$cluster\", namespace=~\"$namespace\",operation=\"attributes\"}[$__rate_interval]))",
                        "format": "time_series",
                        "intervalFactor": 2,
                        "legendFormat": "Average",
                        "refId": "C",
                        "step": 10
                     }
                  ],
                  "thresholds": [ ],
                  "timeFrom": null,
                  "timeShift": null,
                  "title": "Op: Attributes",
                  "tooltip": {
                     "shared": false,
                     "sort": 0,
                     "value_type": "individual"
                  },
                  "type": "graph",
                  "xaxis": {
                     "buckets": null,
                     "mode": "time",
                     "name": null,
                     "show": true,
                     "values": [ ]
                  },
                  "yaxes": [
                     {
                        "format": "ms",
                        "label": null,
                        "logBase": 1,
                        "max": null,
                        "min": 0,
                        "show": true
                     },
                     {
                        "format": "short",
                        "label": null,
                        "logBase": 1,
                        "max": null,
                        "min": null,
                        "show": false
                     }
                  ]
               },
               {
                  "aliasColors": { },
                  "bars": false,
                  "dashLength": 10,
                  "dashes": false,
                  "datasource": "$datasource",
                  "fill": 1,
                  "id": 9,
                  "legend": {
                     "avg": false,
                     "current": false,
                     "max": false,
                     "min": false,
                     "show": true,
                     "total": false,
                     "values": false
                  },
                  "lines": true,
                  "linewidth": 1,
                  "links": [ ],
                  "nullPointMode": "null as zero",
                  "percentage": false,
                  "pointradius": 5,
                  "points": false,
                  "renderer": "flot",
                  "seriesOverrides": [ ],
                  "spaceLength": 10,
                  "span": 4,
                  "stack": false,
                  "steppedLine": false,
                  "targets": [
                     {
                        "expr": "histogram_quantile(0.99, sum(rate(thanos_objstore_bucket_operation_duration_seconds_bucket{cluster=~\"$cluster\", namespace=~\"$namespace\",operation=\"upload\"}[$__rate_interval])) by (le)) * 1e3",
                        "format": "time_series",
                        "intervalFactor": 2,
                        "legendFormat": "99th Percentile",
                        "refId": "A",
                        "step": 10
                     },
                     {
                        "expr": "histogram_quantile(0.50, sum(rate(thanos_objstore_bucket_operation_duration_seconds_bucket{cluster=~\"$cluster\", namespace=~\"$namespace\",operation=\"upload\"}[$__rate_interval])) by (le)) * 1e3",
                        "format": "time_series",
                        "intervalFactor": 2,
                        "legendFormat": "50th Percentile",
                        "refId": "B",
                        "step": 10
                     },
                     {
                        "expr": "sum(rate(thanos_objstore_bucket_operation_duration_seconds_sum{cluster=~\"$cluster\", namespace=~\"$namespace\",operation=\"upload\"}[$__rate_interval])) * 1e3 / sum(rate(thanos_objstore_bucket_operation_duration_seconds_count{cluster=~\"$cluster\", namespace=~\"$namespace\",operation=\"upload\"}[$__rate_interval]))",
                        "format": "time_series",
                        "intervalFactor": 2,
                        "legendFormat": "Average",
                        "refId": "C",
                        "step": 10
                     }
                  ],
                  "thresholds": [ ],
                  "timeFrom": null,
                  "timeShift": null,
                  "title": "Op: Upload",
                  "tooltip": {
                     "shared": false,
                     "sort": 0,
                     "value_type": "individual"
                  },
                  "type": "graph",
                  "xaxis": {
                     "buckets": null,
                     "mode": "time",
                     "name": null,
                     "show": true,
                     "values": [ ]
                  },
                  "yaxes": [
                     {
                        "format": "ms",
                        "label": null,
                        "logBase": 1,
                        "max": null,
                        "min": 0,
                        "show": true
                     },
                     {
                        "format": "short",
                        "label": null,
                        "logBase": 1,
                        "max": null,
                        "min": null,
                        "show": false
                     }
                  ]
               },
               {
                  "aliasColors": { },
                  "bars": false,
                  "dashLength": 10,
                  "dashes": false,
                  "datasource": "$datasource",
                  "fill": 1,
                  "id": 10,
                  "legend": {
                     "avg": false,
                     "current": false,
                     "max": false,
                     "min": false,
                     "show": true,
                     "total": false,
                     "values": false
                  },
                  "lines": true,
                  "linewidth": 1,
                  "links": [ ],
                  "nullPointMode": "null as zero",
                  "percentage": false,
                  "pointradius": 5,
                  "points": false,
                  "renderer": "flot",
                  "seriesOverrides": [ ],
                  "spaceLength": 10,
                  "span": 4,
                  "stack": false,
                  "steppedLine": false,
                  "targets": [
                     {
                        "expr": "histogram_quantile(0.99, sum(rate(thanos_objstore_bucket_operation_duration_seconds_bucket{cluster=~\"$cluster\", namespace=~\"$namespace\",operation=\"delete\"}[$__rate_interval])) by (le)) * 1e3",
                        "format": "time_series",
                        "intervalFactor": 2,
                        "legendFormat": "99th Percentile",
                        "refId": "A",
                        "step": 10
                     },
                     {
                        "expr": "histogram_quantile(0.50, sum(rate(thanos_objstore_bucket_operation_duration_seconds_bucket{cluster=~\"$cluster\", namespace=~\"$namespace\",operation=\"delete\"}[$__rate_interval])) by (le)) * 1e3",
                        "format": "time_series",
                        "intervalFactor": 2,
                        "legendFormat": "50th Percentile",
                        "refId": "B",
                        "step": 10
                     },
                     {
                        "expr": "sum(rate(thanos_objstore_bucket_operation_duration_seconds_sum{cluster=~\"$cluster\", namespace=~\"$namespace\",operation=\"delete\"}[$__rate_interval])) * 1e3 / sum(rate(thanos_objstore_bucket_operation_duration_seconds_count{cluster=~\"$cluster\", namespace=~\"$namespace\",operation=\"delete\"}[$__rate_interval]))",
                        "format": "time_series",
                        "intervalFactor": 2,
                        "legendFormat": "Average",
                        "refId": "C",
                        "step": 10
                     }
                  ],
                  "thresholds": [ ],
                  "timeFrom": null,
                  "timeShift": null,
                  "title": "Op: Delete",
                  "tooltip": {
                     "shared": false,
                     "sort": 0,
                     "value_type": "individual"
                  },
                  "type": "graph",
                  "xaxis": {
                     "buckets": null,
                     "mode": "time",
                     "name": null,
                     "show": true,
                     "values": [ ]
                  },
                  "yaxes": [
                     {
                        "format": "ms",
                        "label": null,
                        "logBase": 1,
                        "max": null,
                        "min": 0,
                        "show": true
                     },
                     {
                        "format": "short",
                        "label": null,
                        "logBase": 1,
                        "max": null,
                        "min": null,
                        "show": false
                     }
                  ]
               }
            ],
            "repeat": null,
            "repeatIteration": null,
            "repeatRowId": null,
            "showTitle": true,
            "title": "",
            "titleSize": "h6"
         }
      ],
      "schemaVersion": 14,
      "style": "dark",
      "tags": [
         "mimir"
      ],
      "templating": {
         "list": [
            {
               "current": {
                  "text": "default",
                  "value": "default"
               },
               "hide": 0,
               "label": "Data Source",
               "name": "datasource",
               "options": [ ],
               "query": "prometheus",
               "refresh": 1,
               "regex": "",
               "type": "datasource"
            },
            {
               "allValue": ".+",
               "current": {
                  "selected": true,
                  "text": "All",
                  "value": "$__all"
               },
               "datasource": "$datasource",
               "hide": 0,
               "includeAll": true,
               "label": "cluster",
               "multi": true,
               "name": "cluster",
               "options": [ ],
               "query": "label_values(cortex_build_info, cluster)",
               "refresh": 1,
               "regex": "",
               "sort": 2,
               "tagValuesQuery": "",
               "tags": [ ],
               "tagsQuery": "",
               "type": "query",
               "useTags": false
            },
            {
               "allValue": ".+",
               "current": {
                  "selected": true,
                  "text": "All",
                  "value": "$__all"
               },
               "datasource": "$datasource",
               "hide": 0,
               "includeAll": true,
               "label": "namespace",
               "multi": true,
               "name": "namespace",
               "options": [ ],
               "query": "label_values(cortex_build_info{cluster=~\"$cluster\"}, namespace)",
               "refresh": 1,
               "regex": "",
               "sort": 2,
               "tagValuesQuery": "",
               "tags": [ ],
               "tagsQuery": "",
               "type": "query",
               "useTags": false
            }
         ]
      },
      "time": {
         "from": "now-1h",
         "to": "now"
      },
      "timepicker": {
         "refresh_intervals": [
            "5s",
            "10s",
            "30s",
            "1m",
            "5m",
            "15m",
            "30m",
            "1h",
            "2h",
            "1d"
         ],
         "time_options": [
            "5m",
            "15m",
            "1h",
            "6h",
            "12h",
            "24h",
            "2d",
            "7d",
            "30d"
         ]
      },
      "timezone": "utc",
      "title": "Mimir / Object Store",
      "uid": "e1324ee2a434f4158c00a9ee279d3292",
      "version": 0
   }