{
      "__requires": [
         {
            "id": "grafana",
            "name": "Grafana",
            "type": "grafana",
            "version": "8.0.0"
         }
      ],
      "annotations": {
         "list": [ ]
      },
      "editable": true,
      "gnetId": null,
      "graphTooltip": 0,
      "hideControls": false,
      "links": [
         {
            "asDropdown": true,
            "icon": "external link",
            "includeVars": true,
            "keepTime": true,
            "tags": [
               "mimir"
            ],
            "targetBlank": false,
            "title": "Mimir dashboards",
            "type": "dashboards"
         }
      ],
      "refresh": "10s",
      "rows": [
         {
            "collapse": false,
            "height": "250px",
            "panels": [
               {
                  "aliasColors": { },
                  "bars": false,
                  "dashLength": 10,
                  "dashes": false,
                  "datasource": "$datasource",
                  "fill": 10,
                  "id": 1,
                  "legend": {
                     "avg": false,
                     "current": false,
                     "max": false,
                     "min": false,
                     "show": true,
                     "total": false,
                     "values": false
                  },
                  "lines": true,
                  "linewidth": 0,
                  "links": [ ],
                  "nullPointMode": "null as zero",
                  "percentage": false,
                  "pointradius": 5,
                  "points": false,
                  "renderer": "flot",
                  "seriesOverrides": [ ],
                  "spaceLength": 10,
                  "span": 12,
                  "stack": true,
                  "steppedLine": false,
                  "targets": [
                     {
                        "expr": "count(cortex_config_hash{cluster=~\"$cluster\", namespace=~\"$namespace\"}) by (sha256)",
                        "format": "time_series",
                        "intervalFactor": 2,
                        "legendFormat": "sha256:{{sha256}}",
                        "legendLink": null,
                        "step": 10
                     }
                  ],
                  "thresholds": [ ],
                  "timeFrom": null,
                  "timeShift": null,
                  "title": "Startup config file hashes",
                  "tooltip": {
                     "shared": false,
                     "sort": 0,
                     "value_type": "individual"
                  },
                  "type": "graph",
                  "xaxis": {
                     "buckets": null,
                     "mode": "time",
                     "name": null,
                     "show": true,
                     "values": [ ]
                  },
                  "yaxes": [
                     {
                        "format": "instances",
                        "label": null,
                        "logBase": 1,
                        "max": null,
                        "min": 0,
                        "show": true
                     },
                     {
                        "format": "short",
                        "label": null,
                        "logBase": 1,
                        "max": null,
                        "min": null,
                        "show": false
                     }
                  ]
               }
            ],
            "repeat": null,
            "repeatIteration": null,
            "repeatRowId": null,
            "showTitle": true,
            "title": "Startup config file",
            "titleSize": "h6"
         },
         {
            "collapse": false,
            "height": "250px",
            "panels": [
               {
                  "aliasColors": { },
                  "bars": false,
                  "dashLength": 10,
                  "dashes": false,
                  "datasource": "$datasource",
                  "fill": 10,
                  "id": 2,
                  "legend": {
                     "avg": false,
                     "current": false,
                     "max": false,
                     "min": false,
                     "show": true,
                     "total": false,
                     "values": false
                  },
                  "lines": true,
                  "linewidth": 0,
                  "links": [ ],
                  "nullPointMode": "null as zero",
                  "percentage": false,
                  "pointradius": 5,
                  "points": false,
                  "renderer": "flot",
                  "seriesOverrides": [ ],
                  "spaceLength": 10,
                  "span": 12,
                  "stack": true,
                  "steppedLine": false,
                  "targets": [
                     {
                        "expr": "count(cortex_runtime_config_hash{cluster=~\"$cluster\", namespace=~\"$namespace\"}) by (sha256)",
                        "format": "time_series",
                        "intervalFactor": 2,
                        "legendFormat": "sha256:{{sha256}}",
                        "legendLink": null,
                        "step": 10
                     }
                  ],
                  "thresholds": [ ],
                  "timeFrom": null,
                  "timeShift": null,
                  "title": "Runtime config file hashes",
                  "tooltip": {
                     "shared": false,
                     "sort": 0,
                     "value_type": "individual"
                  },
                  "type": "graph",
                  "xaxis": {
                     "buckets": null,
                     "mode": "time",
                     "name": null,
                     "show": true,
                     "values": [ ]
                  },
                  "yaxes": [
                     {
                        "format": "instances",
                        "label": null,
                        "logBase": 1,
                        "max": null,
                        "min": 0,
                        "show": true
                     },
                     {
                        "format": "short",
                        "label": null,
                        "logBase": 1,
                        "max": null,
                        "min": null,
                        "show": false
                     }
                  ]
               }
            ],
            "repeat": null,
            "repeatIteration": null,
            "repeatRowId": null,
            "showTitle": true,
            "title": "Runtime config file",
            "titleSize": "h6"
         }
      ],
      "schemaVersion": 14,
      "style": "dark",
      "tags": [
         "mimir"
      ],
      "templating": {
         "list": [
            {
               "current": {
                  "text": "default",
                  "value": "default"
               },
               "hide": 0,
               "label": "Data Source",
               "name": "datasource",
               "options": [ ],
               "query": "prometheus",
               "refresh": 1,
               "regex": "",
               "type": "datasource"
            },
            {
               "allValue": ".+",
               "current": {
                  "selected": true,
                  "text": "All",
                  "value": "$__all"
               },
               "datasource": "$datasource",
               "hide": 0,
               "includeAll": true,
               "label": "cluster",
               "multi": true,
               "name": "cluster",
               "options": [ ],
               "query": "label_values(cortex_build_info, cluster)",
               "refresh": 1,
               "regex": "",
               "sort": 2,
               "tagValuesQuery": "",
               "tags": [ ],
               "tagsQuery": "",
               "type": "query",
               "useTags": false
            },
            {
               "allValue": ".+",
               "current": {
                  "selected": true,
                  "text": "All",
                  "value": "$__all"
               },
               "datasource": "$datasource",
               "hide": 0,
               "includeAll": true,
               "label": "namespace",
               "multi": true,
               "name": "namespace",
               "options": [ ],
               "query": "label_values(cortex_build_info{cluster=~\"$cluster\"}, namespace)",
               "refresh": 1,
               "regex": "",
               "sort": 2,
               "tagValuesQuery": "",
               "tags": [ ],
               "tagsQuery": "",
               "type": "query",
               "useTags": false
            }
         ]
      },
      "time": {
         "from": "now-1h",
         "to": "now"
      },
      "timepicker": {
         "refresh_intervals": [
            "5s",
            "10s",
            "30s",
            "1m",
            "5m",
            "15m",
            "30m",
            "1h",
            "2h",
            "1d"
         ],
         "time_options": [
            "5m",
            "15m",
            "1h",
            "6h",
            "12h",
            "24h",
            "2d",
            "7d",
            "30d"
         ]
      },
      "timezone": "utc",
      "title": "Mimir / Config",
      "uid": "5d9d0b4724c0f80d68467088ec61e003",
      "version": 0
   }