{
      "__requires": [
         {
            "id": "grafana",
            "name": "Grafana",
            "type": "grafana",
            "version": "8.0.0"
         }
      ],
      "annotations": {
         "list": [ ]
      },
      "editable": true,
      "gnetId": null,
      "graphTooltip": 1,
      "hideControls": false,
      "links": [
         {
            "asDropdown": true,
            "icon": "external link",
            "includeVars": true,
            "keepTime": true,
            "tags": [
               "mimir"
            ],
            "targetBlank": false,
            "title": "Mimir dashboards",
            "type": "dashboards"
         }
      ],
      "refresh": "5m",
      "rows": [
         {
            "collapse": false,
            "height": "25px",
            "panels": [
               {
                  "content": "<p>\n  This dashboard shows the top tenants based on multiple selection criterias.\n  Rows are collapsed by default to avoid querying all of them.\n  Use the templating variable \"limit\" above to select the amount of users to be shown.\n</p>\n",
                  "datasource": null,
                  "description": "",
                  "id": 1,
                  "mode": "markdown",
                  "span": 12,
                  "title": "",
                  "transparent": true,
                  "type": "text"
               }
            ],
            "repeat": null,
            "repeatIteration": null,
            "repeatRowId": null,
            "showTitle": false,
            "title": "Top tenants dashboard description",
            "titleSize": "h6"
         },
         {
            "collapse": true,
            "height": "250px",
            "panels": [
               {
                  "aliasColors": { },
                  "bars": false,
                  "dashLength": 10,
                  "dashes": false,
                  "datasource": "$datasource",
                  "fieldConfig": {
                     "overrides": [
                        {
                           "matcher": {
                              "id": "byName",
                              "options": "Time"
                           },
                           "properties": [
                              {
                                 "id": "displayName",
                                 "value": "Time"
                              },
                              {
                                 "id": "custom.hidden",
                                 "value": true
                              }
                           ]
                        },
                        {
                           "matcher": {
                              "id": "byName",
                              "options": "Value"
                           },
                           "properties": [
                              {
                                 "id": "displayName",
                                 "value": "series"
                              },
                              {
                                 "id": "decimals",
                                 "value": 2
                              },
                              {
                                 "id": "unit",
                                 "value": "short"
                              }
                           ]
                        },
                        {
                           "matcher": {
                              "id": "byName",
                              "options": "user"
                           },
                           "properties": [
                              {
                                 "id": "displayName",
                                 "value": "user"
                              },
                              {
                                 "id": "decimals",
                                 "value": 2
                              },
                              {
                                 "id": "unit",
                                 "value": "string"
                              }
                           ]
                        }
                     ]
                  },
                  "fill": 1,
                  "id": 2,
                  "legend": {
                     "avg": false,
                     "current": false,
                     "max": false,
                     "min": false,
                     "show": true,
                     "total": false,
                     "values": false
                  },
                  "lines": true,
                  "linewidth": 1,
                  "links": [ ],
                  "nullPointMode": "null as zero",
                  "percentage": false,
                  "pointradius": 5,
                  "points": false,
                  "renderer": "flot",
                  "seriesOverrides": [ ],
                  "sort": {
                     "col": 2,
                     "desc": true
                  },
                  "spaceLength": 10,
                  "span": 12,
                  "stack": false,
                  "steppedLine": false,
                  "targets": [
                     {
                        "expr": "topk($limit, ( # Classic storage\n  sum by (cluster, namespace, user) (\n    cortex_ingester_active_series{cluster=~\"$cluster\", job=~\"($namespace)/((ingester.*|cortex|mimir|mimir-write.*))\"} unless on (job)\n    cortex_partition_ring_partitions{cluster=~\"$cluster\", job=~\"($namespace)/((ingester.*|cortex|mimir|mimir-write.*))\"}\n  )\n  / on (cluster, namespace) group_left()\n  max by (cluster, namespace) (cortex_distributor_replication_factor{cluster=~\"$cluster\", job=~\"($namespace)/((distributor.*|cortex|mimir|mimir-write.*))\"})\n)\nor\n( # Ingest storage\n  sum by (cluster, namespace, user) (\n    max by (ingester_id, cluster, namespace, user) (\n      label_replace(\n        cortex_ingester_active_series{cluster=~\"$cluster\", job=~\"($namespace)/((ingester.*|cortex|mimir|mimir-write.*))\"},\n        \"ingester_id\", \"$1\", \"pod\", \".*-([0-9]+)$\"\n      )\n    )\n  )\n)\n)\n",
                        "format": "table",
                        "instant": true,
                        "legendFormat": "",
                        "refId": "A"
                     }
                  ],
                  "thresholds": [ ],
                  "timeFrom": null,
                  "timeShift": null,
                  "title": "Top $limit users by active series",
                  "tooltip": {
                     "shared": false,
                     "sort": 0,
                     "value_type": "individual"
                  },
                  "transform": "table",
                  "type": "table",
                  "xaxis": {
                     "buckets": null,
                     "mode": "time",
                     "name": null,
                     "show": true,
                     "values": [ ]
                  },
                  "yaxes": [
                     {
                        "format": "short",
                        "label": null,
                        "logBase": 1,
                        "max": null,
                        "min": 0,
                        "show": true
                     },
                     {
                        "format": "short",
                        "label": null,
                        "logBase": 1,
                        "max": null,
                        "min": null,
                        "show": false
                     }
                  ]
               }
            ],
            "repeat": null,
            "repeatIteration": null,
            "repeatRowId": null,
            "showTitle": true,
            "title": "By active series",
            "titleSize": "h6"
         },
         {
            "collapse": true,
            "height": "250px",
            "panels": [
               {
                  "aliasColors": { },
                  "bars": false,
                  "dashLength": 10,
                  "dashes": false,
                  "datasource": "$datasource",
                  "fieldConfig": {
                     "overrides": [
                        {
                           "matcher": {
                              "id": "byName",
                              "options": "Time"
                           },
                           "properties": [
                              {
                                 "id": "displayName",
                                 "value": "Time"
                              },
                              {
                                 "id": "custom.hidden",
                                 "value": true
                              }
                           ]
                        },
                        {
                           "matcher": {
                              "id": "byName",
                              "options": "Value"
                           },
                           "properties": [
                              {
                                 "id": "displayName",
                                 "value": "series"
                              },
                              {
                                 "id": "decimals",
                                 "value": 2
                              },
                              {
                                 "id": "unit",
                                 "value": "short"
                              }
                           ]
                        },
                        {
                           "matcher": {
                              "id": "byName",
                              "options": "user"
                           },
                           "properties": [
                              {
                                 "id": "displayName",
                                 "value": "user"
                              },
                              {
                                 "id": "decimals",
                                 "value": 2
                              },
                              {
                                 "id": "unit",
                                 "value": "string"
                              }
                           ]
                        }
                     ]
                  },
                  "fill": 1,
                  "id": 3,
                  "legend": {
                     "avg": false,
                     "current": false,
                     "max": false,
                     "min": false,
                     "show": true,
                     "total": false,
                     "values": false
                  },
                  "lines": true,
                  "linewidth": 1,
                  "links": [ ],
                  "nullPointMode": "null as zero",
                  "percentage": false,
                  "pointradius": 5,
                  "points": false,
                  "renderer": "flot",
                  "seriesOverrides": [ ],
                  "sort": {
                     "col": 2,
                     "desc": true
                  },
                  "spaceLength": 10,
                  "span": 12,
                  "stack": false,
                  "steppedLine": false,
                  "targets": [
                     {
                        "expr": "topk($limit, ( # Classic storage\n  sum by (cluster, namespace, user) (\n    (\n    cortex_ingester_memory_series_created_total{cluster=~\"$cluster\", job=~\"($namespace)/((ingester.*|cortex|mimir|mimir-write.*))\"} \n    -\n    cortex_ingester_memory_series_removed_total{cluster=~\"$cluster\", job=~\"($namespace)/((ingester.*|cortex|mimir|mimir-write.*))\"} \n)\n unless on (job)\n    cortex_partition_ring_partitions{cluster=~\"$cluster\", job=~\"($namespace)/((ingester.*|cortex|mimir|mimir-write.*))\"}\n  )\n  / on (cluster, namespace) group_left()\n  max by (cluster, namespace) (cortex_distributor_replication_factor{cluster=~\"$cluster\", job=~\"($namespace)/((distributor.*|cortex|mimir|mimir-write.*))\"})\n)\nor\n( # Ingest storage\n  sum by (cluster, namespace, user) (\n    max by (ingester_id, cluster, namespace, user) (\n      label_replace(\n        (\n    cortex_ingester_memory_series_created_total{cluster=~\"$cluster\", job=~\"($namespace)/((ingester.*|cortex|mimir|mimir-write.*))\"} \n    -\n    cortex_ingester_memory_series_removed_total{cluster=~\"$cluster\", job=~\"($namespace)/((ingester.*|cortex|mimir|mimir-write.*))\"} \n)\n,\n        \"ingester_id\", \"$1\", \"pod\", \".*-([0-9]+)$\"\n      )\n    )\n  )\n)\n)",
                        "format": "table",
                        "instant": true,
                        "legendFormat": "",
                        "refId": "A"
                     }
                  ],
                  "thresholds": [ ],
                  "timeFrom": null,
                  "timeShift": null,
                  "title": "Top $limit users by in-memory series (series created - series removed)",
                  "tooltip": {
                     "shared": false,
                     "sort": 0,
                     "value_type": "individual"
                  },
                  "transform": "table",
                  "type": "table",
                  "xaxis": {
                     "buckets": null,
                     "mode": "time",
                     "name": null,
                     "show": true,
                     "values": [ ]
                  },
                  "yaxes": [
                     {
                        "format": "short",
                        "label": null,
                        "logBase": 1,
                        "max": null,
                        "min": 0,
                        "show": true
                     },
                     {
                        "format": "short",
                        "label": null,
                        "logBase": 1,
                        "max": null,
                        "min": null,
                        "show": false
                     }
                  ]
               }
            ],
            "repeat": null,
            "repeatIteration": null,
            "repeatRowId": null,
            "showTitle": true,
            "title": "By in-memory series",
            "titleSize": "h6"
         },
         {
            "collapse": true,
            "height": "250px",
            "panels": [
               {
                  "datasource": "$datasource",
                  "fieldConfig": {
                     "defaults": {
                        "custom": {
                           "drawStyle": "line",
                           "fillOpacity": 1,
                           "lineWidth": 1,
                           "pointSize": 5,
                           "showPoints": "never",
                           "spanNulls": false,
                           "stacking": {
                              "group": "A",
                              "mode": "none"
                           }
                        },
                        "min": 0,
                        "thresholds": {
                           "mode": "absolute",
                           "steps": [ ]
                        },
                        "unit": "short"
                     },
                     "overrides": [ ]
                  },
                  "id": 4,
                  "links": [ ],
                  "options": {
                     "legend": {
                        "showLegend": true
                     },
                     "tooltip": {
                        "mode": "multi",
                        "sort": "none"
                     }
                  },
                  "span": 12,
                  "targets": [
                     {
                        "expr": "(( # Classic storage\n  sum by (cluster, namespace, user) (\n    (\n    cortex_ingester_memory_series_created_total{cluster=~\"$cluster\", job=~\"($namespace)/((ingester.*|cortex|mimir|mimir-write.*))\"} \n    -\n    cortex_ingester_memory_series_removed_total{cluster=~\"$cluster\", job=~\"($namespace)/((ingester.*|cortex|mimir|mimir-write.*))\"} \n)\n unless on (job)\n    cortex_partition_ring_partitions{cluster=~\"$cluster\", job=~\"($namespace)/((ingester.*|cortex|mimir|mimir-write.*))\"}\n  )\n  / on (cluster, namespace) group_left()\n  max by (cluster, namespace) (cortex_distributor_replication_factor{cluster=~\"$cluster\", job=~\"($namespace)/((distributor.*|cortex|mimir|mimir-write.*))\"})\n)\nor\n( # Ingest storage\n  sum by (cluster, namespace, user) (\n    max by (ingester_id, cluster, namespace, user) (\n      label_replace(\n        (\n    cortex_ingester_memory_series_created_total{cluster=~\"$cluster\", job=~\"($namespace)/((ingester.*|cortex|mimir|mimir-write.*))\"} \n    -\n    cortex_ingester_memory_series_removed_total{cluster=~\"$cluster\", job=~\"($namespace)/((ingester.*|cortex|mimir|mimir-write.*))\"} \n)\n,\n        \"ingester_id\", \"$1\", \"pod\", \".*-([0-9]+)$\"\n      )\n    )\n  )\n)\n)\nand\ntopk($limit,\n  (\n    ( # Classic storage\n  sum by (cluster, namespace, user) (\n    (\n    cortex_ingester_memory_series_created_total{cluster=~\"$cluster\", job=~\"($namespace)/((ingester.*|cortex|mimir|mimir-write.*))\"} @ end()\n    -\n    cortex_ingester_memory_series_removed_total{cluster=~\"$cluster\", job=~\"($namespace)/((ingester.*|cortex|mimir|mimir-write.*))\"} @ end()\n)\n unless on (job)\n    cortex_partition_ring_partitions{cluster=~\"$cluster\", job=~\"($namespace)/((ingester.*|cortex|mimir|mimir-write.*))\"}\n  )\n  / on (cluster, namespace) group_left()\n  max by (cluster, namespace) (cortex_distributor_replication_factor{cluster=~\"$cluster\", job=~\"($namespace)/((distributor.*|cortex|mimir|mimir-write.*))\"})\n)\nor\n( # Ingest storage\n  sum by (cluster, namespace, user) (\n    max by (ingester_id, cluster, namespace, user) (\n      label_replace(\n        (\n    cortex_ingester_memory_series_created_total{cluster=~\"$cluster\", job=~\"($namespace)/((ingester.*|cortex|mimir|mimir-write.*))\"} @ end()\n    -\n    cortex_ingester_memory_series_removed_total{cluster=~\"$cluster\", job=~\"($namespace)/((ingester.*|cortex|mimir|mimir-write.*))\"} @ end()\n)\n,\n        \"ingester_id\", \"$1\", \"pod\", \".*-([0-9]+)$\"\n      )\n    )\n  )\n)\n\n  )\n  -\n  (\n    ( # Classic storage\n  sum by (cluster, namespace, user) (\n    (\n    cortex_ingester_memory_series_created_total{cluster=~\"$cluster\", job=~\"($namespace)/((ingester.*|cortex|mimir|mimir-write.*))\"} @ start()\n    -\n    cortex_ingester_memory_series_removed_total{cluster=~\"$cluster\", job=~\"($namespace)/((ingester.*|cortex|mimir|mimir-write.*))\"} @ start()\n)\n unless on (job)\n    cortex_partition_ring_partitions{cluster=~\"$cluster\", job=~\"($namespace)/((ingester.*|cortex|mimir|mimir-write.*))\"}\n  )\n  / on (cluster, namespace) group_left()\n  max by (cluster, namespace) (cortex_distributor_replication_factor{cluster=~\"$cluster\", job=~\"($namespace)/((distributor.*|cortex|mimir|mimir-write.*))\"})\n)\nor\n( # Ingest storage\n  sum by (cluster, namespace, user) (\n    max by (ingester_id, cluster, namespace, user) (\n      label_replace(\n        (\n    cortex_ingester_memory_series_created_total{cluster=~\"$cluster\", job=~\"($namespace)/((ingester.*|cortex|mimir|mimir-write.*))\"} @ start()\n    -\n    cortex_ingester_memory_series_removed_total{cluster=~\"$cluster\", job=~\"($namespace)/((ingester.*|cortex|mimir|mimir-write.*))\"} @ start()\n)\n,\n        \"ingester_id\", \"$1\", \"pod\", \".*-([0-9]+)$\"\n      )\n    )\n  )\n)\n\n  )\n)\n",
                        "format": "time_series",
                        "legendFormat": "{{ user }}",
                        "legendLink": null
                     }
                  ],
                  "title": "Top $limit users by in-memory series (series created - series removed) that grew the most between query range start and query range end",
                  "type": "timeseries"
               }
            ],
            "repeat": null,
            "repeatIteration": null,
            "repeatRowId": null,
            "showTitle": true,
            "title": "By in-memory series growth",
            "titleSize": "h6"
         },
         {
            "collapse": true,
            "height": "250px",
            "panels": [
               {
                  "aliasColors": { },
                  "bars": false,
                  "dashLength": 10,
                  "dashes": false,
                  "datasource": "$datasource",
                  "fieldConfig": {
                     "overrides": [
                        {
                           "matcher": {
                              "id": "byName",
                              "options": "Time"
                           },
                           "properties": [
                              {
                                 "id": "displayName",
                                 "value": "Time"
                              },
                              {
                                 "id": "custom.hidden",
                                 "value": true
                              }
                           ]
                        },
                        {
                           "matcher": {
                              "id": "byName",
                              "options": "Value"
                           },
                           "properties": [
                              {
                                 "id": "displayName",
                                 "value": "samples/s"
                              },
                              {
                                 "id": "decimals",
                                 "value": 2
                              },
                              {
                                 "id": "unit",
                                 "value": "short"
                              }
                           ]
                        },
                        {
                           "matcher": {
                              "id": "byName",
                              "options": "user"
                           },
                           "properties": [
                              {
                                 "id": "displayName",
                                 "value": "user"
                              },
                              {
                                 "id": "decimals",
                                 "value": 2
                              },
                              {
                                 "id": "unit",
                                 "value": "string"
                              }
                           ]
                        }
                     ]
                  },
                  "fill": 1,
                  "id": 5,
                  "legend": {
                     "avg": false,
                     "current": false,
                     "max": false,
                     "min": false,
                     "show": true,
                     "total": false,
                     "values": false
                  },
                  "lines": true,
                  "linewidth": 1,
                  "links": [ ],
                  "nullPointMode": "null as zero",
                  "percentage": false,
                  "pointradius": 5,
                  "points": false,
                  "renderer": "flot",
                  "seriesOverrides": [ ],
                  "sort": {
                     "col": 2,
                     "desc": true
                  },
                  "spaceLength": 10,
                  "span": 12,
                  "stack": false,
                  "steppedLine": false,
                  "targets": [
                     {
                        "expr": "topk($limit, sum by (user) (rate(cortex_distributor_received_samples_total{cluster=~\"$cluster\", job=~\"($namespace)/((distributor.*|cortex|mimir|mimir-write.*))\"}[5m])))",
                        "format": "table",
                        "instant": true,
                        "legendFormat": "",
                        "refId": "A"
                     }
                  ],
                  "thresholds": [ ],
                  "timeFrom": null,
                  "timeShift": null,
                  "title": "Top $limit users by received samples rate in last 5m",
                  "tooltip": {
                     "shared": false,
                     "sort": 0,
                     "value_type": "individual"
                  },
                  "transform": "table",
                  "type": "table",
                  "xaxis": {
                     "buckets": null,
                     "mode": "time",
                     "name": null,
                     "show": true,
                     "values": [ ]
                  },
                  "yaxes": [
                     {
                        "format": "short",
                        "label": null,
                        "logBase": 1,
                        "max": null,
                        "min": 0,
                        "show": true
                     },
                     {
                        "format": "short",
                        "label": null,
                        "logBase": 1,
                        "max": null,
                        "min": null,
                        "show": false
                     }
                  ]
               }
            ],
            "repeat": null,
            "repeatIteration": null,
            "repeatRowId": null,
            "showTitle": true,
            "title": "By samples rate",
            "titleSize": "h6"
         },
         {
            "collapse": true,
            "height": "250px",
            "panels": [
               {
                  "datasource": "$datasource",
                  "fieldConfig": {
                     "defaults": {
                        "custom": {
                           "drawStyle": "line",
                           "fillOpacity": 1,
                           "lineWidth": 1,
                           "pointSize": 5,
                           "showPoints": "never",
                           "spanNulls": false,
                           "stacking": {
                              "group": "A",
                              "mode": "none"
                           }
                        },
                        "min": 0,
                        "thresholds": {
                           "mode": "absolute",
                           "steps": [ ]
                        },
                        "unit": "short"
                     },
                     "overrides": [ ]
                  },
                  "id": 6,
                  "links": [ ],
                  "options": {
                     "legend": {
                        "showLegend": true
                     },
                     "tooltip": {
                        "mode": "multi",
                        "sort": "none"
                     }
                  },
                  "span": 12,
                  "targets": [
                     {
                        "expr": "sum by (user) (rate(cortex_distributor_received_samples_total{cluster=~\"$cluster\", job=~\"($namespace)/((distributor.*|cortex|mimir|mimir-write.*))\"}[$__rate_interval]))\nand\ntopk($limit,\n  sum by (user) (rate(cortex_distributor_received_samples_total{cluster=~\"$cluster\", job=~\"($namespace)/((distributor.*|cortex|mimir|mimir-write.*))\"}[$__rate_interval] @ end()))\n  -\n  sum by (user) (rate(cortex_distributor_received_samples_total{cluster=~\"$cluster\", job=~\"($namespace)/((distributor.*|cortex|mimir|mimir-write.*))\"}[$__rate_interval] @ start()))\n)\n",
                        "format": "time_series",
                        "legendFormat": "{{ user }}",
                        "legendLink": null
                     }
                  ],
                  "title": "Top $limit users by received samples rate that grew the most between query range start and query range end",
                  "type": "timeseries"
               }
            ],
            "repeat": null,
            "repeatIteration": null,
            "repeatRowId": null,
            "showTitle": true,
            "title": "By samples rate growth",
            "titleSize": "h6"
         },
         {
            "collapse": true,
            "height": "250px",
            "panels": [
               {
                  "aliasColors": { },
                  "bars": false,
                  "dashLength": 10,
                  "dashes": false,
                  "datasource": "$datasource",
                  "fieldConfig": {
                     "overrides": [
                        {
                           "matcher": {
                              "id": "byName",
                              "options": "Time"
                           },
                           "properties": [
                              {
                                 "id": "displayName",
                                 "value": "Time"
                              },
                              {
                                 "id": "custom.hidden",
                                 "value": true
                              }
                           ]
                        },
                        {
                           "matcher": {
                              "id": "byName",
                              "options": "Value"
                           },
                           "properties": [
                              {
                                 "id": "displayName",
                                 "value": "samples/s"
                              },
                              {
                                 "id": "decimals",
                                 "value": 2
                              },
                              {
                                 "id": "unit",
                                 "value": "short"
                              }
                           ]
                        },
                        {
                           "matcher": {
                              "id": "byName",
                              "options": "user"
                           },
                           "properties": [
                              {
                                 "id": "displayName",
                                 "value": "user"
                              },
                              {
                                 "id": "decimals",
                                 "value": 2
                              },
                              {
                                 "id": "unit",
                                 "value": "string"
                              }
                           ]
                        }
                     ]
                  },
                  "fill": 1,
                  "id": 7,
                  "legend": {
                     "avg": false,
                     "current": false,
                     "max": false,
                     "min": false,
                     "show": true,
                     "total": false,
                     "values": false
                  },
                  "lines": true,
                  "linewidth": 1,
                  "links": [ ],
                  "nullPointMode": "null as zero",
                  "percentage": false,
                  "pointradius": 5,
                  "points": false,
                  "renderer": "flot",
                  "seriesOverrides": [ ],
                  "sort": {
                     "col": 2,
                     "desc": true
                  },
                  "spaceLength": 10,
                  "span": 12,
                  "stack": false,
                  "steppedLine": false,
                  "targets": [
                     {
                        "expr": "topk($limit, sum by (user) (rate(cortex_discarded_samples_total{cluster=~\"$cluster\", job=~\"($namespace)/((ingester.*|cortex|mimir|mimir-write.*|distributor.*|cortex|mimir|mimir-write.*))\"}[5m])))",
                        "format": "table",
                        "instant": true,
                        "legendFormat": "",
                        "refId": "A"
                     }
                  ],
                  "thresholds": [ ],
                  "timeFrom": null,
                  "timeShift": null,
                  "title": "Top $limit users by discarded samples rate in last 5m",
                  "tooltip": {
                     "shared": false,
                     "sort": 0,
                     "value_type": "individual"
                  },
                  "transform": "table",
                  "type": "table",
                  "xaxis": {
                     "buckets": null,
                     "mode": "time",
                     "name": null,
                     "show": true,
                     "values": [ ]
                  },
                  "yaxes": [
                     {
                        "format": "short",
                        "label": null,
                        "logBase": 1,
                        "max": null,
                        "min": 0,
                        "show": true
                     },
                     {
                        "format": "short",
                        "label": null,
                        "logBase": 1,
                        "max": null,
                        "min": null,
                        "show": false
                     }
                  ]
               }
            ],
            "repeat": null,
            "repeatIteration": null,
            "repeatRowId": null,
            "showTitle": true,
            "title": "By discarded samples rate",
            "titleSize": "h6"
         },
         {
            "collapse": true,
            "height": "250px",
            "panels": [
               {
                  "datasource": "$datasource",
                  "fieldConfig": {
                     "defaults": {
                        "custom": {
                           "drawStyle": "line",
                           "fillOpacity": 1,
                           "lineWidth": 1,
                           "pointSize": 5,
                           "showPoints": "never",
                           "spanNulls": false,
                           "stacking": {
                              "group": "A",
                              "mode": "none"
                           }
                        },
                        "min": 0,
                        "thresholds": {
                           "mode": "absolute",
                           "steps": [ ]
                        },
                        "unit": "short"
                     },
                     "overrides": [ ]
                  },
                  "id": 8,
                  "links": [ ],
                  "options": {
                     "legend": {
                        "showLegend": true
                     },
                     "tooltip": {
                        "mode": "multi",
                        "sort": "none"
                     }
                  },
                  "span": 12,
                  "targets": [
                     {
                        "expr": "sum by (user) (rate(cortex_discarded_samples_total{cluster=~\"$cluster\", job=~\"($namespace)/((ingester.*|cortex|mimir|mimir-write.*|distributor.*|cortex|mimir|mimir-write.*))\"}[$__rate_interval]))\nand\ntopk($limit,\n  sum by (user) (rate(cortex_discarded_samples_total{cluster=~\"$cluster\", job=~\"($namespace)/((ingester.*|cortex|mimir|mimir-write.*|distributor.*|cortex|mimir|mimir-write.*))\"}[$__rate_interval] @ end()))\n  -\n  sum by (user) (rate(cortex_discarded_samples_total{cluster=~\"$cluster\", job=~\"($namespace)/((ingester.*|cortex|mimir|mimir-write.*|distributor.*|cortex|mimir|mimir-write.*))\"}[$__rate_interval] @ start()))\n)\n",
                        "format": "time_series",
                        "legendFormat": "{{ user }}",
                        "legendLink": null
                     }
                  ],
                  "title": "Top $limit users by discarded samples rate that grew the most between query range start and query range end",
                  "type": "timeseries"
               }
            ],
            "repeat": null,
            "repeatIteration": null,
            "repeatRowId": null,
            "showTitle": true,
            "title": "By discarded samples rate growth",
            "titleSize": "h6"
         },
         {
            "collapse": true,
            "height": "250px",
            "panels": [
               {
                  "aliasColors": { },
                  "bars": false,
                  "dashLength": 10,
                  "dashes": false,
                  "datasource": "$datasource",
                  "fieldConfig": {
                     "overrides": [
                        {
                           "matcher": {
                              "id": "byName",
                              "options": "Time"
                           },
                           "properties": [
                              {
                                 "id": "displayName",
                                 "value": "Time"
                              },
                              {
                                 "id": "custom.hidden",
                                 "value": true
                              }
                           ]
                        },
                        {
                           "matcher": {
                              "id": "byName",
                              "options": "Value"
                           },
                           "properties": [
                              {
                                 "id": "displayName",
                                 "value": "series"
                              },
                              {
                                 "id": "decimals",
                                 "value": 2
                              },
                              {
                                 "id": "unit",
                                 "value": "short"
                              }
                           ]
                        },
                        {
                           "matcher": {
                              "id": "byName",
                              "options": "user"
                           },
                           "properties": [
                              {
                                 "id": "displayName",
                                 "value": "user"
                              },
                              {
                                 "id": "decimals",
                                 "value": 2
                              },
                              {
                                 "id": "unit",
                                 "value": "string"
                              }
                           ]
                        }
                     ]
                  },
                  "fill": 1,
                  "id": 9,
                  "legend": {
                     "avg": false,
                     "current": false,
                     "max": false,
                     "min": false,
                     "show": true,
                     "total": false,
                     "values": false
                  },
                  "lines": true,
                  "linewidth": 1,
                  "links": [ ],
                  "nullPointMode": "null as zero",
                  "percentage": false,
                  "pointradius": 5,
                  "points": false,
                  "renderer": "flot",
                  "seriesOverrides": [ ],
                  "sort": {
                     "col": 2,
                     "desc": true
                  },
                  "spaceLength": 10,
                  "span": 12,
                  "stack": false,
                  "steppedLine": false,
                  "targets": [
                     {
                        "expr": "topk($limit, ( # Classic storage\n  sum by (cluster, namespace, user) (\n    cortex_ingester_tsdb_exemplar_series_with_exemplars_in_storage{cluster=~\"$cluster\", job=~\"($namespace)/((ingester.*|cortex|mimir|mimir-write.*))\"} unless on (job)\n    cortex_partition_ring_partitions{cluster=~\"$cluster\", job=~\"($namespace)/((ingester.*|cortex|mimir|mimir-write.*))\"}\n  )\n  / on (cluster, namespace) group_left()\n  max by (cluster, namespace) (cortex_distributor_replication_factor{cluster=~\"$cluster\", job=~\"($namespace)/((distributor.*|cortex|mimir|mimir-write.*))\"})\n)\nor\n( # Ingest storage\n  sum by (cluster, namespace, user) (\n    max by (ingester_id, cluster, namespace, user) (\n      label_replace(\n        cortex_ingester_tsdb_exemplar_series_with_exemplars_in_storage{cluster=~\"$cluster\", job=~\"($namespace)/((ingester.*|cortex|mimir|mimir-write.*))\"},\n        \"ingester_id\", \"$1\", \"pod\", \".*-([0-9]+)$\"\n      )\n    )\n  )\n)\n)\n",
                        "format": "table",
                        "instant": true,
                        "legendFormat": "",
                        "refId": "A"
                     }
                  ],
                  "thresholds": [ ],
                  "timeFrom": null,
                  "timeShift": null,
                  "title": "Top $limit users by series with exemplars",
                  "tooltip": {
                     "shared": false,
                     "sort": 0,
                     "value_type": "individual"
                  },
                  "transform": "table",
                  "type": "table",
                  "xaxis": {
                     "buckets": null,
                     "mode": "time",
                     "name": null,
                     "show": true,
                     "values": [ ]
                  },
                  "yaxes": [
                     {
                        "format": "short",
                        "label": null,
                        "logBase": 1,
                        "max": null,
                        "min": 0,
                        "show": true
                     },
                     {
                        "format": "short",
                        "label": null,
                        "logBase": 1,
                        "max": null,
                        "min": null,
                        "show": false
                     }
                  ]
               }
            ],
            "repeat": null,
            "repeatIteration": null,
            "repeatRowId": null,
            "showTitle": true,
            "title": "By series with exemplars",
            "titleSize": "h6"
         },
         {
            "collapse": true,
            "height": "250px",
            "panels": [
               {
                  "aliasColors": { },
                  "bars": false,
                  "dashLength": 10,
                  "dashes": false,
                  "datasource": "$datasource",
                  "fieldConfig": {
                     "overrides": [
                        {
                           "matcher": {
                              "id": "byName",
                              "options": "Time"
                           },
                           "properties": [
                              {
                                 "id": "displayName",
                                 "value": "Time"
                              },
                              {
                                 "id": "custom.hidden",
                                 "value": true
                              }
                           ]
                        },
                        {
                           "matcher": {
                              "id": "byName",
                              "options": "Value"
                           },
                           "properties": [
                              {
                                 "id": "displayName",
                                 "value": "exemplars/s"
                              },
                              {
                                 "id": "decimals",
                                 "value": 2
                              },
                              {
                                 "id": "unit",
                                 "value": "short"
                              }
                           ]
                        },
                        {
                           "matcher": {
                              "id": "byName",
                              "options": "user"
                           },
                           "properties": [
                              {
                                 "id": "displayName",
                                 "value": "user"
                              },
                              {
                                 "id": "decimals",
                                 "value": 2
                              },
                              {
                                 "id": "unit",
                                 "value": "string"
                              }
                           ]
                        }
                     ]
                  },
                  "fill": 1,
                  "id": 10,
                  "legend": {
                     "avg": false,
                     "current": false,
                     "max": false,
                     "min": false,
                     "show": true,
                     "total": false,
                     "values": false
                  },
                  "lines": true,
                  "linewidth": 1,
                  "links": [ ],
                  "nullPointMode": "null as zero",
                  "percentage": false,
                  "pointradius": 5,
                  "points": false,
                  "renderer": "flot",
                  "seriesOverrides": [ ],
                  "sort": {
                     "col": 2,
                     "desc": true
                  },
                  "spaceLength": 10,
                  "span": 12,
                  "stack": false,
                  "steppedLine": false,
                  "targets": [
                     {
                        "expr": "topk($limit, sum by (user) (rate(cortex_distributor_received_exemplars_total{cluster=~\"$cluster\", job=~\"($namespace)/((distributor.*|cortex|mimir|mimir-write.*))\"}[5m])))",
                        "format": "table",
                        "instant": true,
                        "legendFormat": "",
                        "refId": "A"
                     }
                  ],
                  "thresholds": [ ],
                  "timeFrom": null,
                  "timeShift": null,
                  "title": "Top $limit users by received exemplars rate in last 5m",
                  "tooltip": {
                     "shared": false,
                     "sort": 0,
                     "value_type": "individual"
                  },
                  "transform": "table",
                  "type": "table",
                  "xaxis": {
                     "buckets": null,
                     "mode": "time",
                     "name": null,
                     "show": true,
                     "values": [ ]
                  },
                  "yaxes": [
                     {
                        "format": "short",
                        "label": null,
                        "logBase": 1,
                        "max": null,
                        "min": 0,
                        "show": true
                     },
                     {
                        "format": "short",
                        "label": null,
                        "logBase": 1,
                        "max": null,
                        "min": null,
                        "show": false
                     }
                  ]
               }
            ],
            "repeat": null,
            "repeatIteration": null,
            "repeatRowId": null,
            "showTitle": true,
            "title": "By exemplars rate",
            "titleSize": "h6"
         },
         {
            "collapse": true,
            "height": "250px",
            "panels": [
               {
                  "aliasColors": { },
                  "bars": false,
                  "dashLength": 10,
                  "dashes": false,
                  "datasource": "$datasource",
                  "fieldConfig": {
                     "overrides": [
                        {
                           "matcher": {
                              "id": "byName",
                              "options": "Time"
                           },
                           "properties": [
                              {
                                 "id": "displayName",
                                 "value": "Time"
                              },
                              {
                                 "id": "custom.hidden",
                                 "value": true
                              }
                           ]
                        },
                        {
                           "matcher": {
                              "id": "byName",
                              "options": "Value"
                           },
                           "properties": [
                              {
                                 "id": "displayName",
                                 "value": "rules"
                              },
                              {
                                 "id": "decimals",
                                 "value": 2
                              },
                              {
                                 "id": "unit",
                                 "value": "short"
                              }
                           ]
                        },
                        {
                           "matcher": {
                              "id": "byName",
                              "options": "user"
                           },
                           "properties": [
                              {
                                 "id": "displayName",
                                 "value": "user"
                              },
                              {
                                 "id": "decimals",
                                 "value": 2
                              },
                              {
                                 "id": "unit",
                                 "value": "string"
                              }
                           ]
                        }
                     ]
                  },
                  "fill": 1,
                  "id": 11,
                  "legend": {
                     "avg": false,
                     "current": false,
                     "max": false,
                     "min": false,
                     "show": true,
                     "total": false,
                     "values": false
                  },
                  "lines": true,
                  "linewidth": 1,
                  "links": [ ],
                  "nullPointMode": "null as zero",
                  "percentage": false,
                  "pointradius": 5,
                  "points": false,
                  "renderer": "flot",
                  "seriesOverrides": [ ],
                  "sort": {
                     "col": 3,
                     "desc": true
                  },
                  "spaceLength": 10,
                  "span": 12,
                  "stack": false,
                  "steppedLine": false,
                  "targets": [
                     {
                        "expr": "topk($limit, sum by (rule_group, user) (cortex_prometheus_rule_group_rules{cluster=~\"$cluster\", job=~\"($namespace)/((ruler|cortex|mimir|mimir-backend.*))\"}))",
                        "format": "table",
                        "instant": true,
                        "legendFormat": "",
                        "refId": "A"
                     }
                  ],
                  "thresholds": [ ],
                  "timeFrom": null,
                  "timeShift": null,
                  "title": "Top $limit biggest groups",
                  "tooltip": {
                     "shared": false,
                     "sort": 0,
                     "value_type": "individual"
                  },
                  "transform": "table",
                  "type": "table",
                  "xaxis": {
                     "buckets": null,
                     "mode": "time",
                     "name": null,
                     "show": true,
                     "values": [ ]
                  },
                  "yaxes": [
                     {
                        "format": "short",
                        "label": null,
                        "logBase": 1,
                        "max": null,
                        "min": 0,
                        "show": true
                     },
                     {
                        "format": "short",
                        "label": null,
                        "logBase": 1,
                        "max": null,
                        "min": null,
                        "show": false
                     }
                  ]
               }
            ],
            "repeat": null,
            "repeatIteration": null,
            "repeatRowId": null,
            "showTitle": true,
            "title": "By rule group size",
            "titleSize": "h6"
         },
         {
            "collapse": true,
            "height": "250px",
            "panels": [
               {
                  "aliasColors": { },
                  "bars": false,
                  "dashLength": 10,
                  "dashes": false,
                  "datasource": "$datasource",
                  "fieldConfig": {
                     "overrides": [
                        {
                           "matcher": {
                              "id": "byName",
                              "options": "Time"
                           },
                           "properties": [
                              {
                                 "id": "displayName",
                                 "value": "Time"
                              },
                              {
                                 "id": "custom.hidden",
                                 "value": true
                              }
                           ]
                        },
                        {
                           "matcher": {
                              "id": "byName",
                              "options": "Value"
                           },
                           "properties": [
                              {
                                 "id": "displayName",
                                 "value": "seconds"
                              },
                              {
                                 "id": "decimals",
                                 "value": 2
                              },
                              {
                                 "id": "unit",
                                 "value": "short"
                              }
                           ]
                        },
                        {
                           "matcher": {
                              "id": "byName",
                              "options": "user"
                           },
                           "properties": [
                              {
                                 "id": "displayName",
                                 "value": "user"
                              },
                              {
                                 "id": "decimals",
                                 "value": 2
                              },
                              {
                                 "id": "unit",
                                 "value": "string"
                              }
                           ]
                        }
                     ]
                  },
                  "fill": 1,
                  "id": 12,
                  "legend": {
                     "avg": false,
                     "current": false,
                     "max": false,
                     "min": false,
                     "show": true,
                     "total": false,
                     "values": false
                  },
                  "lines": true,
                  "linewidth": 1,
                  "links": [ ],
                  "nullPointMode": "null as zero",
                  "percentage": false,
                  "pointradius": 5,
                  "points": false,
                  "renderer": "flot",
                  "seriesOverrides": [ ],
                  "sort": {
                     "col": 3,
                     "desc": true
                  },
                  "spaceLength": 10,
                  "span": 12,
                  "stack": false,
                  "steppedLine": false,
                  "targets": [
                     {
                        "expr": "topk($limit, sum by (rule_group, user) (cortex_prometheus_rule_group_last_duration_seconds{cluster=~\"$cluster\", job=~\"($namespace)/((ruler|cortex|mimir|mimir-backend.*))\"}))",
                        "format": "table",
                        "instant": true,
                        "legendFormat": "",
                        "refId": "A"
                     }
                  ],
                  "thresholds": [ ],
                  "timeFrom": null,
                  "timeShift": null,
                  "title": "Top $limit slowest groups (last evaluation)",
                  "tooltip": {
                     "shared": false,
                     "sort": 0,
                     "value_type": "individual"
                  },
                  "transform": "table",
                  "type": "table",
                  "xaxis": {
                     "buckets": null,
                     "mode": "time",
                     "name": null,
                     "show": true,
                     "values": [ ]
                  },
                  "yaxes": [
                     {
                        "format": "short",
                        "label": null,
                        "logBase": 1,
                        "max": null,
                        "min": 0,
                        "show": true
                     },
                     {
                        "format": "short",
                        "label": null,
                        "logBase": 1,
                        "max": null,
                        "min": null,
                        "show": false
                     }
                  ]
               }
            ],
            "repeat": null,
            "repeatIteration": null,
            "repeatRowId": null,
            "showTitle": true,
            "title": "By rule group evaluation time",
            "titleSize": "h6"
         },
         {
            "collapse": true,
            "height": "250px",
            "panels": [
               {
                  "aliasColors": { },
                  "bars": false,
                  "dashLength": 10,
                  "dashes": false,
                  "datasource": "$datasource",
                  "fieldConfig": {
                     "overrides": [
                        {
                           "matcher": {
                              "id": "byName",
                              "options": "Time"
                           },
                           "properties": [
                              {
                                 "id": "displayName",
                                 "value": "Time"
                              },
                              {
                                 "id": "custom.hidden",
                                 "value": true
                              }
                           ]
                        },
                        {
                           "matcher": {
                              "id": "byName",
                              "options": "Value"
                           },
                           "properties": [
                              {
                                 "id": "displayName",
                                 "value": "Compaction Jobs"
                              },
                              {
                                 "id": "decimals",
                                 "value": 0
                              },
                              {
                                 "id": "unit",
                                 "value": "short"
                              }
                           ]
                        },
                        {
                           "matcher": {
                              "id": "byName",
                              "options": "user"
                           },
                           "properties": [
                              {
                                 "id": "displayName",
                                 "value": "user"
                              },
                              {
                                 "id": "decimals",
                                 "value": 2
                              },
                              {
                                 "id": "unit",
                                 "value": "string"
                              }
                           ]
                        }
                     ]
                  },
                  "fill": 1,
                  "id": 13,
                  "legend": {
                     "avg": false,
                     "current": false,
                     "max": false,
                     "min": false,
                     "show": true,
                     "total": false,
                     "values": false
                  },
                  "lines": true,
                  "linewidth": 1,
                  "links": [ ],
                  "nullPointMode": "null as zero",
                  "percentage": false,
                  "pointradius": 5,
                  "points": false,
                  "renderer": "flot",
                  "seriesOverrides": [ ],
                  "sort": {
                     "col": 2,
                     "desc": true
                  },
                  "spaceLength": 10,
                  "span": 12,
                  "stack": false,
                  "steppedLine": false,
                  "targets": [
                     {
                        "expr": "topk($limit,\n  sum by (user) (cortex_bucket_index_estimated_compaction_jobs{cluster=~\"$cluster\", job=~\"($namespace)/((compactor.*|cortex|mimir|mimir-backend.*))\"})\n  and ignoring(user)\n  (sum(rate(cortex_bucket_index_estimated_compaction_jobs_errors_total{cluster=~\"$cluster\", job=~\"($namespace)/((compactor.*|cortex|mimir|mimir-backend.*))\"}[$__rate_interval])) == 0)\n)\n",
                        "format": "table",
                        "instant": true,
                        "legendFormat": "",
                        "refId": "A"
                     }
                  ],
                  "thresholds": [ ],
                  "timeFrom": null,
                  "timeShift": null,
                  "title": "Top $limit users by estimated compaction jobs from bucket-index",
                  "tooltip": {
                     "shared": false,
                     "sort": 0,
                     "value_type": "individual"
                  },
                  "transform": "table",
                  "type": "table",
                  "xaxis": {
                     "buckets": null,
                     "mode": "time",
                     "name": null,
                     "show": true,
                     "values": [ ]
                  },
                  "yaxes": [
                     {
                        "format": "short",
                        "label": null,
                        "logBase": 1,
                        "max": null,
                        "min": 0,
                        "show": true
                     },
                     {
                        "format": "short",
                        "label": null,
                        "logBase": 1,
                        "max": null,
                        "min": null,
                        "show": false
                     }
                  ]
               }
            ],
            "repeat": null,
            "repeatIteration": null,
            "repeatRowId": null,
            "showTitle": true,
            "title": "By estimated compaction jobs from bucket-index",
            "titleSize": "h6"
         }
      ],
      "schemaVersion": 14,
      "style": "dark",
      "tags": [
         "mimir"
      ],
      "templating": {
         "list": [
            {
               "current": {
                  "text": "default",
                  "value": "default"
               },
               "hide": 0,
               "label": "Data source",
               "name": "datasource",
               "options": [ ],
               "query": "prometheus",
               "refresh": 1,
               "regex": "",
               "type": "datasource"
            },
            {
               "allValue": ".+",
               "current": {
                  "selected": true,
                  "text": "All",
                  "value": "$__all"
               },
               "datasource": "$datasource",
               "hide": 0,
               "includeAll": true,
               "label": "cluster",
               "multi": true,
               "name": "cluster",
               "options": [ ],
               "query": "label_values(cortex_build_info, cluster)",
               "refresh": 1,
               "regex": "",
               "sort": 1,
               "tagValuesQuery": "",
               "tags": [ ],
               "tagsQuery": "",
               "type": "query",
               "useTags": false
            },
            {
               "allValue": ".+",
               "current": {
                  "selected": true,
                  "text": "All",
                  "value": "$__all"
               },
               "datasource": "$datasource",
               "hide": 0,
               "includeAll": false,
               "label": "namespace",
               "multi": true,
               "name": "namespace",
               "options": [ ],
               "query": "label_values(cortex_build_info{cluster=~\"$cluster\"}, namespace)",
               "refresh": 1,
               "regex": "",
               "sort": 1,
               "tagValuesQuery": "",
               "tags": [ ],
               "tagsQuery": "",
               "type": "query",
               "useTags": false
            },
            {
               "current": {
                  "selected": true,
                  "text": "10",
                  "value": "10"
               },
               "hide": 0,
               "includeAll": false,
               "label": "limit",
               "multi": false,
               "name": "limit",
               "options": [
                  {
                     "selected": true,
                     "text": "10",
                     "value": "10"
                  },
                  {
                     "selected": false,
                     "text": "50",
                     "value": "50"
                  },
                  {
                     "selected": false,
                     "text": "100",
                     "value": "100"
                  }
               ],
               "query": "10 : 10,50 : 50,100 : 100",
               "skipUrlSync": false,
               "type": "custom",
               "useTags": false
            }
         ]
      },
      "time": {
         "from": "now-1h",
         "to": "now"
      },
      "timepicker": {
         "refresh_intervals": [
            "5s",
            "10s",
            "30s",
            "1m",
            "5m",
            "15m",
            "30m",
            "1h",
            "2h",
            "1d"
         ],
         "time_options": [
            "5m",
            "15m",
            "1h",
            "6h",
            "12h",
            "24h",
            "2d",
            "7d",
            "30d"
         ]
      },
      "timezone": "utc",
      "title": "Mimir / Top tenants",
      "uid": "bc6e12d4fe540e4a1785b9d3ca0ffdd9",
      "version": 0
   }