{
      "__requires": [
         {
            "id": "grafana",
            "name": "Grafana",
            "type": "grafana",
            "version": "8.0.0"
         }
      ],
      "annotations": {
         "list": [ ]
      },
      "editable": true,
      "gnetId": null,
      "graphTooltip": 1,
      "hideControls": false,
      "links": [
         {
            "asDropdown": true,
            "icon": "external link",
            "includeVars": true,
            "keepTime": true,
            "tags": [
               "mimir"
            ],
            "targetBlank": false,
            "title": "Mimir dashboards",
            "type": "dashboards"
         }
      ],
      "refresh": "5m",
      "rows": [
         {
            "collapse": false,
            "height": "250px",
            "panels": [
               {
                  "datasource": "$datasource",
                  "fieldConfig": {
                     "defaults": {
                        "custom": {
                           "drawStyle": "line",
                           "fillOpacity": 100,
                           "lineWidth": 0,
                           "pointSize": 5,
                           "showPoints": "never",
                           "spanNulls": false,
                           "stacking": {
                              "group": "A",
                              "mode": "normal"
                           }
                        },
                        "min": 0,
                        "thresholds": {
                           "mode": "absolute",
                           "steps": [ ]
                        },
                        "unit": "reqps"
                     },
                     "overrides": [ ]
                  },
                  "id": 1,
                  "links": [ ],
                  "options": {
                     "legend": {
                        "showLegend": true
                     },
                     "tooltip": {
                        "mode": "multi",
                        "sort": "none"
                     }
                  },
                  "span": 6,
                  "targets": [
                     {
                        "expr": "sum by(component) (rate(thanos_objstore_bucket_operations_total{cluster=~\"$cluster\", namespace=~\"$namespace\"}[$__rate_interval]))",
                        "format": "time_series",
                        "legendFormat": "{{component}}",
                        "legendLink": null
                     }
                  ],
                  "title": "RPS / component",
                  "type": "timeseries"
               },
               {
                  "datasource": "$datasource",
                  "fieldConfig": {
                     "defaults": {
                        "max": 1,
                        "min": 0,
                        "noValue": "0",
                        "unit": "percentunit"
                     }
                  },
                  "id": 2,
                  "links": [ ],
                  "options": {
                     "legend": {
                        "showLegend": true
                     },
                     "tooltip": {
                        "mode": "multi",
                        "sort": "none"
                     }
                  },
                  "span": 6,
                  "targets": [
                     {
                        "expr": "sum by(component) (rate(thanos_objstore_bucket_operation_failures_total{cluster=~\"$cluster\", namespace=~\"$namespace\"}[$__rate_interval])) / sum by(component) (rate(thanos_objstore_bucket_operations_total{cluster=~\"$cluster\", namespace=~\"$namespace\"}[$__rate_interval])) >= 0",
                        "format": "time_series",
                        "legendFormat": "{{component}}",
                        "legendLink": null
                     }
                  ],
                  "title": "Error rate / component",
                  "type": "timeseries"
               }
            ],
            "repeat": null,
            "repeatIteration": null,
            "repeatRowId": null,
            "showTitle": true,
            "title": "Components",
            "titleSize": "h6"
         },
         {
            "collapse": false,
            "height": "250px",
            "panels": [
               {
                  "datasource": "$datasource",
                  "fieldConfig": {
                     "defaults": {
                        "custom": {
                           "drawStyle": "line",
                           "fillOpacity": 100,
                           "lineWidth": 0,
                           "pointSize": 5,
                           "showPoints": "never",
                           "spanNulls": false,
                           "stacking": {
                              "group": "A",
                              "mode": "normal"
                           }
                        },
                        "min": 0,
                        "thresholds": {
                           "mode": "absolute",
                           "steps": [ ]
                        },
                        "unit": "reqps"
                     },
                     "overrides": [ ]
                  },
                  "id": 3,
                  "links": [ ],
                  "options": {
                     "legend": {
                        "showLegend": true
                     },
                     "tooltip": {
                        "mode": "multi",
                        "sort": "none"
                     }
                  },
                  "span": 6,
                  "targets": [
                     {
                        "expr": "sum by(operation) (rate(thanos_objstore_bucket_operations_total{cluster=~\"$cluster\", namespace=~\"$namespace\"}[$__rate_interval]))",
                        "format": "time_series",
                        "legendFormat": "{{operation}}",
                        "legendLink": null
                     }
                  ],
                  "title": "RPS / operation",
                  "type": "timeseries"
               },
               {
                  "datasource": "$datasource",
                  "fieldConfig": {
                     "defaults": {
                        "max": 1,
                        "min": 0,
                        "noValue": "0",
                        "unit": "percentunit"
                     }
                  },
                  "id": 4,
                  "links": [ ],
                  "options": {
                     "legend": {
                        "showLegend": true
                     },
                     "tooltip": {
                        "mode": "multi",
                        "sort": "none"
                     }
                  },
                  "span": 6,
                  "targets": [
                     {
                        "expr": "sum by(operation) (rate(thanos_objstore_bucket_operation_failures_total{cluster=~\"$cluster\", namespace=~\"$namespace\"}[$__rate_interval])) / sum by(operation) (rate(thanos_objstore_bucket_operations_total{cluster=~\"$cluster\", namespace=~\"$namespace\"}[$__rate_interval])) >= 0",
                        "format": "time_series",
                        "legendFormat": "{{operation}}",
                        "legendLink": null
                     }
                  ],
                  "title": "Error rate / operation",
                  "type": "timeseries"
               }
            ],
            "repeat": null,
            "repeatIteration": null,
            "repeatRowId": null,
            "showTitle": true,
            "title": "Operations",
            "titleSize": "h6"
         },
         {
            "collapse": false,
            "height": "250px",
            "panels": [
               {
                  "datasource": "$datasource",
                  "fieldConfig": {
                     "defaults": {
                        "custom": {
                           "drawStyle": "line",
                           "fillOpacity": 1,
                           "lineWidth": 1,
                           "pointSize": 5,
                           "showPoints": "never",
                           "spanNulls": false,
                           "stacking": {
                              "group": "A",
                              "mode": "none"
                           }
                        },
                        "min": 0,
                        "thresholds": {
                           "mode": "absolute",
                           "steps": [ ]
                        },
                        "unit": "ms"
                     },
                     "overrides": [ ]
                  },
                  "id": 5,
                  "links": [ ],
                  "nullPointMode": "null as zero",
                  "options": {
                     "legend": {
                        "showLegend": true
                     },
                     "tooltip": {
                        "mode": "multi",
                        "sort": "none"
                     }
                  },
                  "span": 4,
                  "targets": [
                     {
                        "expr": "histogram_quantile(0.99, sum(rate(thanos_objstore_bucket_operation_duration_seconds_bucket{cluster=~\"$cluster\", namespace=~\"$namespace\",operation=\"get\"}[$__rate_interval])) by (le)) * 1e3",
                        "format": "time_series",
                        "legendFormat": "99th Percentile",
                        "refId": "A"
                     },
                     {
                        "expr": "histogram_quantile(0.50, sum(rate(thanos_objstore_bucket_operation_duration_seconds_bucket{cluster=~\"$cluster\", namespace=~\"$namespace\",operation=\"get\"}[$__rate_interval])) by (le)) * 1e3",
                        "format": "time_series",
                        "legendFormat": "50th Percentile",
                        "refId": "B"
                     },
                     {
                        "expr": "sum(rate(thanos_objstore_bucket_operation_duration_seconds_sum{cluster=~\"$cluster\", namespace=~\"$namespace\",operation=\"get\"}[$__rate_interval])) * 1e3 / sum(rate(thanos_objstore_bucket_operation_duration_seconds_count{cluster=~\"$cluster\", namespace=~\"$namespace\",operation=\"get\"}[$__rate_interval]))",
                        "format": "time_series",
                        "legendFormat": "Average",
                        "refId": "C"
                     }
                  ],
                  "title": "Op: Get",
                  "type": "timeseries",
                  "yaxes": [
                     {
                        "format": "ms",
                        "label": null,
                        "logBase": 1,
                        "max": null,
                        "min": 0,
                        "show": true
                     },
                     {
                        "format": "short",
                        "label": null,
                        "logBase": 1,
                        "max": null,
                        "min": null,
                        "show": false
                     }
                  ]
               },
               {
                  "datasource": "$datasource",
                  "fieldConfig": {
                     "defaults": {
                        "custom": {
                           "drawStyle": "line",
                           "fillOpacity": 1,
                           "lineWidth": 1,
                           "pointSize": 5,
                           "showPoints": "never",
                           "spanNulls": false,
                           "stacking": {
                              "group": "A",
                              "mode": "none"
                           }
                        },
                        "min": 0,
                        "thresholds": {
                           "mode": "absolute",
                           "steps": [ ]
                        },
                        "unit": "ms"
                     },
                     "overrides": [ ]
                  },
                  "id": 6,
                  "links": [ ],
                  "nullPointMode": "null as zero",
                  "options": {
                     "legend": {
                        "showLegend": true
                     },
                     "tooltip": {
                        "mode": "multi",
                        "sort": "none"
                     }
                  },
                  "span": 4,
                  "targets": [
                     {
                        "expr": "histogram_quantile(0.99, sum(rate(thanos_objstore_bucket_operation_duration_seconds_bucket{cluster=~\"$cluster\", namespace=~\"$namespace\",operation=\"get_range\"}[$__rate_interval])) by (le)) * 1e3",
                        "format": "time_series",
                        "legendFormat": "99th Percentile",
                        "refId": "A"
                     },
                     {
                        "expr": "histogram_quantile(0.50, sum(rate(thanos_objstore_bucket_operation_duration_seconds_bucket{cluster=~\"$cluster\", namespace=~\"$namespace\",operation=\"get_range\"}[$__rate_interval])) by (le)) * 1e3",
                        "format": "time_series",
                        "legendFormat": "50th Percentile",
                        "refId": "B"
                     },
                     {
                        "expr": "sum(rate(thanos_objstore_bucket_operation_duration_seconds_sum{cluster=~\"$cluster\", namespace=~\"$namespace\",operation=\"get_range\"}[$__rate_interval])) * 1e3 / sum(rate(thanos_objstore_bucket_operation_duration_seconds_count{cluster=~\"$cluster\", namespace=~\"$namespace\",operation=\"get_range\"}[$__rate_interval]))",
                        "format": "time_series",
                        "legendFormat": "Average",
                        "refId": "C"
                     }
                  ],
                  "title": "Op: GetRange",
                  "type": "timeseries",
                  "yaxes": [
                     {
                        "format": "ms",
                        "label": null,
                        "logBase": 1,
                        "max": null,
                        "min": 0,
                        "show": true
                     },
                     {
                        "format": "short",
                        "label": null,
                        "logBase": 1,
                        "max": null,
                        "min": null,
                        "show": false
                     }
                  ]
               },
               {
                  "datasource": "$datasource",
                  "fieldConfig": {
                     "defaults": {
                        "custom": {
                           "drawStyle": "line",
                           "fillOpacity": 1,
                           "lineWidth": 1,
                           "pointSize": 5,
                           "showPoints": "never",
                           "spanNulls": false,
                           "stacking": {
                              "group": "A",
                              "mode": "none"
                           }
                        },
                        "min": 0,
                        "thresholds": {
                           "mode": "absolute",
                           "steps": [ ]
                        },
                        "unit": "ms"
                     },
                     "overrides": [ ]
                  },
                  "id": 7,
                  "links": [ ],
                  "nullPointMode": "null as zero",
                  "options": {
                     "legend": {
                        "showLegend": true
                     },
                     "tooltip": {
                        "mode": "multi",
                        "sort": "none"
                     }
                  },
                  "span": 4,
                  "targets": [
                     {
                        "expr": "histogram_quantile(0.99, sum(rate(thanos_objstore_bucket_operation_duration_seconds_bucket{cluster=~\"$cluster\", namespace=~\"$namespace\",operation=\"exists\"}[$__rate_interval])) by (le)) * 1e3",
                        "format": "time_series",
                        "legendFormat": "99th Percentile",
                        "refId": "A"
                     },
                     {
                        "expr": "histogram_quantile(0.50, sum(rate(thanos_objstore_bucket_operation_duration_seconds_bucket{cluster=~\"$cluster\", namespace=~\"$namespace\",operation=\"exists\"}[$__rate_interval])) by (le)) * 1e3",
                        "format": "time_series",
                        "legendFormat": "50th Percentile",
                        "refId": "B"
                     },
                     {
                        "expr": "sum(rate(thanos_objstore_bucket_operation_duration_seconds_sum{cluster=~\"$cluster\", namespace=~\"$namespace\",operation=\"exists\"}[$__rate_interval])) * 1e3 / sum(rate(thanos_objstore_bucket_operation_duration_seconds_count{cluster=~\"$cluster\", namespace=~\"$namespace\",operation=\"exists\"}[$__rate_interval]))",
                        "format": "time_series",
                        "legendFormat": "Average",
                        "refId": "C"
                     }
                  ],
                  "title": "Op: Exists",
                  "type": "timeseries",
                  "yaxes": [
                     {
                        "format": "ms",
                        "label": null,
                        "logBase": 1,
                        "max": null,
                        "min": 0,
                        "show": true
                     },
                     {
                        "format": "short",
                        "label": null,
                        "logBase": 1,
                        "max": null,
                        "min": null,
                        "show": false
                     }
                  ]
               }
            ],
            "repeat": null,
            "repeatIteration": null,
            "repeatRowId": null,
            "showTitle": true,
            "title": "",
            "titleSize": "h6"
         },
         {
            "collapse": false,
            "height": "250px",
            "panels": [
               {
                  "datasource": "$datasource",
                  "fieldConfig": {
                     "defaults": {
                        "custom": {
                           "drawStyle": "line",
                           "fillOpacity": 1,
                           "lineWidth": 1,
                           "pointSize": 5,
                           "showPoints": "never",
                           "spanNulls": false,
                           "stacking": {
                              "group": "A",
                              "mode": "none"
                           }
                        },
                        "min": 0,
                        "thresholds": {
                           "mode": "absolute",
                           "steps": [ ]
                        },
                        "unit": "ms"
                     },
                     "overrides": [ ]
                  },
                  "id": 8,
                  "links": [ ],
                  "nullPointMode": "null as zero",
                  "options": {
                     "legend": {
                        "showLegend": true
                     },
                     "tooltip": {
                        "mode": "multi",
                        "sort": "none"
                     }
                  },
                  "span": 4,
                  "targets": [
                     {
                        "expr": "histogram_quantile(0.99, sum(rate(thanos_objstore_bucket_operation_duration_seconds_bucket{cluster=~\"$cluster\", namespace=~\"$namespace\",operation=\"attributes\"}[$__rate_interval])) by (le)) * 1e3",
                        "format": "time_series",
                        "legendFormat": "99th Percentile",
                        "refId": "A"
                     },
                     {
                        "expr": "histogram_quantile(0.50, sum(rate(thanos_objstore_bucket_operation_duration_seconds_bucket{cluster=~\"$cluster\", namespace=~\"$namespace\",operation=\"attributes\"}[$__rate_interval])) by (le)) * 1e3",
                        "format": "time_series",
                        "legendFormat": "50th Percentile",
                        "refId": "B"
                     },
                     {
                        "expr": "sum(rate(thanos_objstore_bucket_operation_duration_seconds_sum{cluster=~\"$cluster\", namespace=~\"$namespace\",operation=\"attributes\"}[$__rate_interval])) * 1e3 / sum(rate(thanos_objstore_bucket_operation_duration_seconds_count{cluster=~\"$cluster\", namespace=~\"$namespace\",operation=\"attributes\"}[$__rate_interval]))",
                        "format": "time_series",
                        "legendFormat": "Average",
                        "refId": "C"
                     }
                  ],
                  "title": "Op: Attributes",
                  "type": "timeseries",
                  "yaxes": [
                     {
                        "format": "ms",
                        "label": null,
                        "logBase": 1,
                        "max": null,
                        "min": 0,
                        "show": true
                     },
                     {
                        "format": "short",
                        "label": null,
                        "logBase": 1,
                        "max": null,
                        "min": null,
                        "show": false
                     }
                  ]
               },
               {
                  "datasource": "$datasource",
                  "fieldConfig": {
                     "defaults": {
                        "custom": {
                           "drawStyle": "line",
                           "fillOpacity": 1,
                           "lineWidth": 1,
                           "pointSize": 5,
                           "showPoints": "never",
                           "spanNulls": false,
                           "stacking": {
                              "group": "A",
                              "mode": "none"
                           }
                        },
                        "min": 0,
                        "thresholds": {
                           "mode": "absolute",
                           "steps": [ ]
                        },
                        "unit": "ms"
                     },
                     "overrides": [ ]
                  },
                  "id": 9,
                  "links": [ ],
                  "nullPointMode": "null as zero",
                  "options": {
                     "legend": {
                        "showLegend": true
                     },
                     "tooltip": {
                        "mode": "multi",
                        "sort": "none"
                     }
                  },
                  "span": 4,
                  "targets": [
                     {
                        "expr": "histogram_quantile(0.99, sum(rate(thanos_objstore_bucket_operation_duration_seconds_bucket{cluster=~\"$cluster\", namespace=~\"$namespace\",operation=\"upload\"}[$__rate_interval])) by (le)) * 1e3",
                        "format": "time_series",
                        "legendFormat": "99th Percentile",
                        "refId": "A"
                     },
                     {
                        "expr": "histogram_quantile(0.50, sum(rate(thanos_objstore_bucket_operation_duration_seconds_bucket{cluster=~\"$cluster\", namespace=~\"$namespace\",operation=\"upload\"}[$__rate_interval])) by (le)) * 1e3",
                        "format": "time_series",
                        "legendFormat": "50th Percentile",
                        "refId": "B"
                     },
                     {
                        "expr": "sum(rate(thanos_objstore_bucket_operation_duration_seconds_sum{cluster=~\"$cluster\", namespace=~\"$namespace\",operation=\"upload\"}[$__rate_interval])) * 1e3 / sum(rate(thanos_objstore_bucket_operation_duration_seconds_count{cluster=~\"$cluster\", namespace=~\"$namespace\",operation=\"upload\"}[$__rate_interval]))",
                        "format": "time_series",
                        "legendFormat": "Average",
                        "refId": "C"
                     }
                  ],
                  "title": "Op: Upload",
                  "type": "timeseries",
                  "yaxes": [
                     {
                        "format": "ms",
                        "label": null,
                        "logBase": 1,
                        "max": null,
                        "min": 0,
                        "show": true
                     },
                     {
                        "format": "short",
                        "label": null,
                        "logBase": 1,
                        "max": null,
                        "min": null,
                        "show": false
                     }
                  ]
               },
               {
                  "datasource": "$datasource",
                  "fieldConfig": {
                     "defaults": {
                        "custom": {
                           "drawStyle": "line",
                           "fillOpacity": 1,
                           "lineWidth": 1,
                           "pointSize": 5,
                           "showPoints": "never",
                           "spanNulls": false,
                           "stacking": {
                              "group": "A",
                              "mode": "none"
                           }
                        },
                        "min": 0,
                        "thresholds": {
                           "mode": "absolute",
                           "steps": [ ]
                        },
                        "unit": "ms"
                     },
                     "overrides": [ ]
                  },
                  "id": 10,
                  "links": [ ],
                  "nullPointMode": "null as zero",
                  "options": {
                     "legend": {
                        "showLegend": true
                     },
                     "tooltip": {
                        "mode": "multi",
                        "sort": "none"
                     }
                  },
                  "span": 4,
                  "targets": [
                     {
                        "expr": "histogram_quantile(0.99, sum(rate(thanos_objstore_bucket_operation_duration_seconds_bucket{cluster=~\"$cluster\", namespace=~\"$namespace\",operation=\"delete\"}[$__rate_interval])) by (le)) * 1e3",
                        "format": "time_series",
                        "legendFormat": "99th Percentile",
                        "refId": "A"
                     },
                     {
                        "expr": "histogram_quantile(0.50, sum(rate(thanos_objstore_bucket_operation_duration_seconds_bucket{cluster=~\"$cluster\", namespace=~\"$namespace\",operation=\"delete\"}[$__rate_interval])) by (le)) * 1e3",
                        "format": "time_series",
                        "legendFormat": "50th Percentile",
                        "refId": "B"
                     },
                     {
                        "expr": "sum(rate(thanos_objstore_bucket_operation_duration_seconds_sum{cluster=~\"$cluster\", namespace=~\"$namespace\",operation=\"delete\"}[$__rate_interval])) * 1e3 / sum(rate(thanos_objstore_bucket_operation_duration_seconds_count{cluster=~\"$cluster\", namespace=~\"$namespace\",operation=\"delete\"}[$__rate_interval]))",
                        "format": "time_series",
                        "legendFormat": "Average",
                        "refId": "C"
                     }
                  ],
                  "title": "Op: Delete",
                  "type": "timeseries",
                  "yaxes": [
                     {
                        "format": "ms",
                        "label": null,
                        "logBase": 1,
                        "max": null,
                        "min": 0,
                        "show": true
                     },
                     {
                        "format": "short",
                        "label": null,
                        "logBase": 1,
                        "max": null,
                        "min": null,
                        "show": false
                     }
                  ]
               }
            ],
            "repeat": null,
            "repeatIteration": null,
            "repeatRowId": null,
            "showTitle": true,
            "title": "",
            "titleSize": "h6"
         }
      ],
      "schemaVersion": 14,
      "style": "dark",
      "tags": [
         "mimir"
      ],
      "templating": {
         "list": [
            {
               "current": {
                  "text": "default",
                  "value": "default"
               },
               "hide": 0,
               "label": "Data source",
               "name": "datasource",
               "options": [ ],
               "query": "prometheus",
               "refresh": 1,
               "regex": "",
               "type": "datasource"
            },
            {
               "allValue": ".+",
               "current": {
                  "selected": true,
                  "text": "All",
                  "value": "$__all"
               },
               "datasource": "$datasource",
               "hide": 0,
               "includeAll": true,
               "label": "cluster",
               "multi": true,
               "name": "cluster",
               "options": [ ],
               "query": "label_values(cortex_build_info, cluster)",
               "refresh": 1,
               "regex": "",
               "sort": 1,
               "tagValuesQuery": "",
               "tags": [ ],
               "tagsQuery": "",
               "type": "query",
               "useTags": false
            },
            {
               "allValue": ".+",
               "current": {
                  "selected": true,
                  "text": "All",
                  "value": "$__all"
               },
               "datasource": "$datasource",
               "hide": 0,
               "includeAll": false,
               "label": "namespace",
               "multi": true,
               "name": "namespace",
               "options": [ ],
               "query": "label_values(cortex_build_info{cluster=~\"$cluster\"}, namespace)",
               "refresh": 1,
               "regex": "",
               "sort": 1,
               "tagValuesQuery": "",
               "tags": [ ],
               "tagsQuery": "",
               "type": "query",
               "useTags": false
            }
         ]
      },
      "time": {
         "from": "now-1h",
         "to": "now"
      },
      "timepicker": {
         "refresh_intervals": [
            "5s",
            "10s",
            "30s",
            "1m",
            "5m",
            "15m",
            "30m",
            "1h",
            "2h",
            "1d"
         ],
         "time_options": [
            "5m",
            "15m",
            "1h",
            "6h",
            "12h",
            "24h",
            "2d",
            "7d",
            "30d"
         ]
      },
      "timezone": "utc",
      "title": "Mimir / Object Store",
      "uid": "e1324ee2a434f4158c00a9ee279d3292",
      "version": 0
   }