{
      "__requires": [
         {
            "id": "grafana",
            "name": "Grafana",
            "type": "grafana",
            "version": "8.0.0"
         }
      ],
      "annotations": {
         "list": [ ]
      },
      "editable": true,
      "gnetId": null,
      "graphTooltip": 1,
      "hideControls": false,
      "links": [
         {
            "asDropdown": true,
            "icon": "external link",
            "includeVars": true,
            "keepTime": true,
            "tags": [
               "mimir"
            ],
            "targetBlank": false,
            "title": "Mimir dashboards",
            "type": "dashboards"
         }
      ],
      "refresh": "5m",
      "rows": [
         {
            "collapse": false,
            "height": "250px",
            "panels": [
               {
                  "datasource": "$datasource",
                  "fieldConfig": {
                     "defaults": {
                        "custom": {
                           "drawStyle": "line",
                           "fillOpacity": 100,
                           "lineWidth": 0,
                           "pointSize": 5,
                           "showPoints": "never",
                           "spanNulls": false,
                           "stacking": {
                              "group": "A",
                              "mode": "normal"
                           }
                        },
                        "min": 0,
                        "thresholds": {
                           "mode": "absolute",
                           "steps": [ ]
                        },
                        "unit": "short"
                     },
                     "overrides": [ ]
                  },
                  "id": 1,
                  "links": [ ],
                  "options": {
                     "legend": {
                        "showLegend": true
                     },
                     "tooltip": {
                        "mode": "multi",
                        "sort": "none"
                     }
                  },
                  "span": 4,
                  "targets": [
                     {
                        "expr": "sum by(pod) (rate(container_cpu_usage_seconds_total{cluster=~\"$cluster\", namespace=~\"$namespace\",container=~\"distributor|ingester|mimir-write\"}[$__rate_interval]))",
                        "format": "time_series",
                        "legendFormat": "{{pod}}",
                        "legendLink": null
                     }
                  ],
                  "title": "CPU",
                  "type": "timeseries"
               },
               {
                  "datasource": "$datasource",
                  "fieldConfig": {
                     "defaults": {
                        "custom": {
                           "drawStyle": "line",
                           "fillOpacity": 100,
                           "lineWidth": 0,
                           "pointSize": 5,
                           "showPoints": "never",
                           "spanNulls": false,
                           "stacking": {
                              "group": "A",
                              "mode": "normal"
                           }
                        },
                        "min": 0,
                        "thresholds": {
                           "mode": "absolute",
                           "steps": [ ]
                        },
                        "unit": "bytes"
                     },
                     "overrides": [ ]
                  },
                  "id": 2,
                  "links": [ ],
                  "options": {
                     "legend": {
                        "showLegend": true
                     },
                     "tooltip": {
                        "mode": "multi",
                        "sort": "none"
                     }
                  },
                  "span": 4,
                  "targets": [
                     {
                        "expr": "max by(pod) (container_memory_working_set_bytes{cluster=~\"$cluster\", namespace=~\"$namespace\",container=~\"distributor|ingester|mimir-write\"})",
                        "format": "time_series",
                        "legendFormat": "{{pod}}",
                        "legendLink": null
                     }
                  ],
                  "title": "Memory (workingset)",
                  "type": "timeseries"
               },
               {
                  "datasource": "$datasource",
                  "fieldConfig": {
                     "defaults": {
                        "custom": {
                           "drawStyle": "line",
                           "fillOpacity": 100,
                           "lineWidth": 0,
                           "pointSize": 5,
                           "showPoints": "never",
                           "spanNulls": false,
                           "stacking": {
                              "group": "A",
                              "mode": "normal"
                           }
                        },
                        "min": 0,
                        "thresholds": {
                           "mode": "absolute",
                           "steps": [ ]
                        },
                        "unit": "bytes"
                     },
                     "overrides": [ ]
                  },
                  "id": 3,
                  "links": [ ],
                  "options": {
                     "legend": {
                        "showLegend": true
                     },
                     "tooltip": {
                        "mode": "multi",
                        "sort": "desc"
                     }
                  },
                  "span": 4,
                  "targets": [
                     {
                        "expr": "sum by(pod) (go_memstats_heap_inuse_bytes{cluster=~\"$cluster\", namespace=~\"$namespace\",container=~\"distributor|ingester|mimir-write\"})",
                        "format": "time_series",
                        "legendFormat": "{{pod}}",
                        "legendLink": null
                     }
                  ],
                  "title": "Memory (go heap inuse)",
                  "type": "timeseries"
               }
            ],
            "repeat": null,
            "repeatIteration": null,
            "repeatRowId": null,
            "showTitle": true,
            "title": "Summary",
            "titleSize": "h6"
         },
         {
            "collapse": false,
            "height": "250px",
            "panels": [
               {
                  "datasource": "$datasource",
                  "fieldConfig": {
                     "defaults": {
                        "custom": {
                           "drawStyle": "line",
                           "fillOpacity": 0,
                           "lineWidth": 1,
                           "pointSize": 5,
                           "showPoints": "never",
                           "spanNulls": false,
                           "stacking": {
                              "group": "A",
                              "mode": "none"
                           }
                        },
                        "min": 0,
                        "thresholds": {
                           "mode": "absolute",
                           "steps": [ ]
                        },
                        "unit": "short"
                     },
                     "overrides": [
                        {
                           "matcher": {
                              "id": "byName",
                              "options": "request"
                           },
                           "properties": [
                              {
                                 "id": "color",
                                 "value": {
                                    "fixedColor": "#FFC000",
                                    "mode": "fixed"
                                 }
                              },
                              {
                                 "id": "custom.fillOpacity",
                                 "value": 0
                              },
                              {
                                 "id": "custom.lineStyle",
                                 "value": {
                                    "fill": "dash"
                                 }
                              }
                           ]
                        },
                        {
                           "matcher": {
                              "id": "byName",
                              "options": "limit"
                           },
                           "properties": [
                              {
                                 "id": "color",
                                 "value": {
                                    "fixedColor": "#E02F44",
                                    "mode": "fixed"
                                 }
                              },
                              {
                                 "id": "custom.fillOpacity",
                                 "value": 0
                              },
                              {
                                 "id": "custom.lineStyle",
                                 "value": {
                                    "fill": "dash"
                                 }
                              }
                           ]
                        }
                     ]
                  },
                  "id": 4,
                  "links": [ ],
                  "options": {
                     "legend": {
                        "showLegend": true
                     },
                     "tooltip": {
                        "mode": "multi",
                        "sort": "desc"
                     }
                  },
                  "span": 4,
                  "targets": [
                     {
                        "expr": "sum by(pod) (rate(container_cpu_usage_seconds_total{cluster=~\"$cluster\", namespace=~\"$namespace\",container=~\"(gateway|cortex-gw|cortex-gw-internal)\"}[$__rate_interval]))",
                        "format": "time_series",
                        "legendFormat": "{{pod}}",
                        "legendLink": null
                     },
                     {
                        "expr": "min(container_spec_cpu_quota{cluster=~\"$cluster\", namespace=~\"$namespace\",container=~\"(gateway|cortex-gw|cortex-gw-internal)\"} / container_spec_cpu_period{cluster=~\"$cluster\", namespace=~\"$namespace\",container=~\"(gateway|cortex-gw|cortex-gw-internal)\"})",
                        "format": "time_series",
                        "legendFormat": "limit",
                        "legendLink": null
                     },
                     {
                        "expr": "min(kube_pod_container_resource_requests{cluster=~\"$cluster\", namespace=~\"$namespace\",container=~\"(gateway|cortex-gw|cortex-gw-internal)\",resource=\"cpu\"})",
                        "format": "time_series",
                        "legendFormat": "request",
                        "legendLink": null
                     }
                  ],
                  "title": "CPU",
                  "type": "timeseries"
               },
               {
                  "datasource": "$datasource",
                  "fieldConfig": {
                     "defaults": {
                        "custom": {
                           "drawStyle": "line",
                           "fillOpacity": 0,
                           "lineWidth": 1,
                           "pointSize": 5,
                           "showPoints": "never",
                           "spanNulls": false,
                           "stacking": {
                              "group": "A",
                              "mode": "none"
                           }
                        },
                        "min": 0,
                        "thresholds": {
                           "mode": "absolute",
                           "steps": [ ]
                        },
                        "unit": "bytes"
                     },
                     "overrides": [
                        {
                           "matcher": {
                              "id": "byName",
                              "options": "request"
                           },
                           "properties": [
                              {
                                 "id": "color",
                                 "value": {
                                    "fixedColor": "#FFC000",
                                    "mode": "fixed"
                                 }
                              },
                              {
                                 "id": "custom.fillOpacity",
                                 "value": 0
                              },
                              {
                                 "id": "custom.lineStyle",
                                 "value": {
                                    "fill": "dash"
                                 }
                              }
                           ]
                        },
                        {
                           "matcher": {
                              "id": "byName",
                              "options": "limit"
                           },
                           "properties": [
                              {
                                 "id": "color",
                                 "value": {
                                    "fixedColor": "#E02F44",
                                    "mode": "fixed"
                                 }
                              },
                              {
                                 "id": "custom.fillOpacity",
                                 "value": 0
                              },
                              {
                                 "id": "custom.lineStyle",
                                 "value": {
                                    "fill": "dash"
                                 }
                              }
                           ]
                        }
                     ]
                  },
                  "id": 5,
                  "links": [ ],
                  "options": {
                     "legend": {
                        "showLegend": true
                     },
                     "tooltip": {
                        "mode": "multi",
                        "sort": "desc"
                     }
                  },
                  "span": 4,
                  "targets": [
                     {
                        "expr": "max by(pod) (container_memory_working_set_bytes{cluster=~\"$cluster\", namespace=~\"$namespace\",container=~\"(gateway|cortex-gw|cortex-gw-internal)\"})",
                        "format": "time_series",
                        "legendFormat": "{{pod}}",
                        "legendLink": null
                     },
                     {
                        "expr": "min(container_spec_memory_limit_bytes{cluster=~\"$cluster\", namespace=~\"$namespace\",container=~\"(gateway|cortex-gw|cortex-gw-internal)\"} > 0)",
                        "format": "time_series",
                        "legendFormat": "limit",
                        "legendLink": null
                     },
                     {
                        "expr": "min(kube_pod_container_resource_requests{cluster=~\"$cluster\", namespace=~\"$namespace\",container=~\"(gateway|cortex-gw|cortex-gw-internal)\",resource=\"memory\"})",
                        "format": "time_series",
                        "legendFormat": "request",
                        "legendLink": null
                     }
                  ],
                  "title": "Memory (workingset)",
                  "type": "timeseries"
               },
               {
                  "datasource": "$datasource",
                  "fieldConfig": {
                     "defaults": {
                        "custom": {
                           "drawStyle": "line",
                           "fillOpacity": 0,
                           "lineWidth": 1,
                           "pointSize": 5,
                           "showPoints": "never",
                           "spanNulls": false,
                           "stacking": {
                              "group": "A",
                              "mode": "none"
                           }
                        },
                        "min": 0,
                        "thresholds": {
                           "mode": "absolute",
                           "steps": [ ]
                        },
                        "unit": "bytes"
                     },
                     "overrides": [ ]
                  },
                  "id": 6,
                  "links": [ ],
                  "options": {
                     "legend": {
                        "showLegend": true
                     },
                     "tooltip": {
                        "mode": "multi",
                        "sort": "desc"
                     }
                  },
                  "span": 4,
                  "targets": [
                     {
                        "expr": "sum by(pod) (go_memstats_heap_inuse_bytes{cluster=~\"$cluster\", namespace=~\"$namespace\",container=~\"(gateway|cortex-gw|cortex-gw-internal)\"})",
                        "format": "time_series",
                        "legendFormat": "{{pod}}",
                        "legendLink": null
                     }
                  ],
                  "title": "Memory (go heap inuse)",
                  "type": "timeseries"
               }
            ],
            "repeat": null,
            "repeatIteration": null,
            "repeatRowId": null,
            "showTitle": true,
            "title": "Gateway",
            "titleSize": "h6"
         },
         {
            "collapse": false,
            "height": "250px",
            "panels": [
               {
                  "datasource": "$datasource",
                  "fieldConfig": {
                     "defaults": {
                        "custom": {
                           "drawStyle": "line",
                           "fillOpacity": 0,
                           "lineWidth": 1,
                           "pointSize": 5,
                           "showPoints": "never",
                           "spanNulls": false,
                           "stacking": {
                              "group": "A",
                              "mode": "none"
                           }
                        },
                        "min": 0,
                        "thresholds": {
                           "mode": "absolute",
                           "steps": [ ]
                        },
                        "unit": "short"
                     },
                     "overrides": [
                        {
                           "matcher": {
                              "id": "byName",
                              "options": "request"
                           },
                           "properties": [
                              {
                                 "id": "color",
                                 "value": {
                                    "fixedColor": "#FFC000",
                                    "mode": "fixed"
                                 }
                              },
                              {
                                 "id": "custom.fillOpacity",
                                 "value": 0
                              },
                              {
                                 "id": "custom.lineStyle",
                                 "value": {
                                    "fill": "dash"
                                 }
                              }
                           ]
                        },
                        {
                           "matcher": {
                              "id": "byName",
                              "options": "limit"
                           },
                           "properties": [
                              {
                                 "id": "color",
                                 "value": {
                                    "fixedColor": "#E02F44",
                                    "mode": "fixed"
                                 }
                              },
                              {
                                 "id": "custom.fillOpacity",
                                 "value": 0
                              },
                              {
                                 "id": "custom.lineStyle",
                                 "value": {
                                    "fill": "dash"
                                 }
                              }
                           ]
                        }
                     ]
                  },
                  "id": 7,
                  "links": [ ],
                  "options": {
                     "legend": {
                        "showLegend": true
                     },
                     "tooltip": {
                        "mode": "multi",
                        "sort": "desc"
                     }
                  },
                  "span": 4,
                  "targets": [
                     {
                        "expr": "sum by(pod) (rate(container_cpu_usage_seconds_total{cluster=~\"$cluster\", namespace=~\"$namespace\",container=~\"distributor\"}[$__rate_interval]))",
                        "format": "time_series",
                        "legendFormat": "{{pod}}",
                        "legendLink": null
                     },
                     {
                        "expr": "min(container_spec_cpu_quota{cluster=~\"$cluster\", namespace=~\"$namespace\",container=~\"distributor\"} / container_spec_cpu_period{cluster=~\"$cluster\", namespace=~\"$namespace\",container=~\"distributor\"})",
                        "format": "time_series",
                        "legendFormat": "limit",
                        "legendLink": null
                     },
                     {
                        "expr": "min(kube_pod_container_resource_requests{cluster=~\"$cluster\", namespace=~\"$namespace\",container=~\"distributor\",resource=\"cpu\"})",
                        "format": "time_series",
                        "legendFormat": "request",
                        "legendLink": null
                     }
                  ],
                  "title": "CPU",
                  "type": "timeseries"
               },
               {
                  "datasource": "$datasource",
                  "fieldConfig": {
                     "defaults": {
                        "custom": {
                           "drawStyle": "line",
                           "fillOpacity": 0,
                           "lineWidth": 1,
                           "pointSize": 5,
                           "showPoints": "never",
                           "spanNulls": false,
                           "stacking": {
                              "group": "A",
                              "mode": "none"
                           }
                        },
                        "min": 0,
                        "thresholds": {
                           "mode": "absolute",
                           "steps": [ ]
                        },
                        "unit": "bytes"
                     },
                     "overrides": [
                        {
                           "matcher": {
                              "id": "byName",
                              "options": "request"
                           },
                           "properties": [
                              {
                                 "id": "color",
                                 "value": {
                                    "fixedColor": "#FFC000",
                                    "mode": "fixed"
                                 }
                              },
                              {
                                 "id": "custom.fillOpacity",
                                 "value": 0
                              },
                              {
                                 "id": "custom.lineStyle",
                                 "value": {
                                    "fill": "dash"
                                 }
                              }
                           ]
                        },
                        {
                           "matcher": {
                              "id": "byName",
                              "options": "limit"
                           },
                           "properties": [
                              {
                                 "id": "color",
                                 "value": {
                                    "fixedColor": "#E02F44",
                                    "mode": "fixed"
                                 }
                              },
                              {
                                 "id": "custom.fillOpacity",
                                 "value": 0
                              },
                              {
                                 "id": "custom.lineStyle",
                                 "value": {
                                    "fill": "dash"
                                 }
                              }
                           ]
                        }
                     ]
                  },
                  "id": 8,
                  "links": [ ],
                  "options": {
                     "legend": {
                        "showLegend": true
                     },
                     "tooltip": {
                        "mode": "multi",
                        "sort": "desc"
                     }
                  },
                  "span": 4,
                  "targets": [
                     {
                        "expr": "max by(pod) (container_memory_working_set_bytes{cluster=~\"$cluster\", namespace=~\"$namespace\",container=~\"distributor\"})",
                        "format": "time_series",
                        "legendFormat": "{{pod}}",
                        "legendLink": null
                     },
                     {
                        "expr": "min(container_spec_memory_limit_bytes{cluster=~\"$cluster\", namespace=~\"$namespace\",container=~\"distributor\"} > 0)",
                        "format": "time_series",
                        "legendFormat": "limit",
                        "legendLink": null
                     },
                     {
                        "expr": "min(kube_pod_container_resource_requests{cluster=~\"$cluster\", namespace=~\"$namespace\",container=~\"distributor\",resource=\"memory\"})",
                        "format": "time_series",
                        "legendFormat": "request",
                        "legendLink": null
                     }
                  ],
                  "title": "Memory (workingset)",
                  "type": "timeseries"
               },
               {
                  "datasource": "$datasource",
                  "fieldConfig": {
                     "defaults": {
                        "custom": {
                           "drawStyle": "line",
                           "fillOpacity": 0,
                           "lineWidth": 1,
                           "pointSize": 5,
                           "showPoints": "never",
                           "spanNulls": false,
                           "stacking": {
                              "group": "A",
                              "mode": "none"
                           }
                        },
                        "min": 0,
                        "thresholds": {
                           "mode": "absolute",
                           "steps": [ ]
                        },
                        "unit": "bytes"
                     },
                     "overrides": [ ]
                  },
                  "id": 9,
                  "links": [ ],
                  "options": {
                     "legend": {
                        "showLegend": true
                     },
                     "tooltip": {
                        "mode": "multi",
                        "sort": "desc"
                     }
                  },
                  "span": 4,
                  "targets": [
                     {
                        "expr": "sum by(pod) (go_memstats_heap_inuse_bytes{cluster=~\"$cluster\", namespace=~\"$namespace\",container=~\"distributor\"})",
                        "format": "time_series",
                        "legendFormat": "{{pod}}",
                        "legendLink": null
                     }
                  ],
                  "title": "Memory (go heap inuse)",
                  "type": "timeseries"
               }
            ],
            "repeat": null,
            "repeatIteration": null,
            "repeatRowId": null,
            "showTitle": true,
            "title": "Distributor",
            "titleSize": "h6"
         },
         {
            "collapse": false,
            "height": "250px",
            "panels": [
               {
                  "datasource": "$datasource",
                  "fieldConfig": {
                     "defaults": {
                        "custom": {
                           "drawStyle": "line",
                           "fillOpacity": 0,
                           "lineWidth": 1,
                           "pointSize": 5,
                           "showPoints": "never",
                           "spanNulls": false,
                           "stacking": {
                              "group": "A",
                              "mode": "none"
                           }
                        },
                        "min": 0,
                        "thresholds": {
                           "mode": "absolute",
                           "steps": [ ]
                        },
                        "unit": "short"
                     },
                     "overrides": [ ]
                  },
                  "id": 10,
                  "links": [ ],
                  "options": {
                     "legend": {
                        "showLegend": true
                     },
                     "tooltip": {
                        "mode": "multi",
                        "sort": "desc"
                     }
                  },
                  "span": 6,
                  "targets": [
                     {
                        "expr": "sum by(pod) (cortex_ingester_memory_series{cluster=~\"$cluster\", job=~\"($namespace)/((ingester.*|cortex|mimir|mimir-write.*))\"})",
                        "format": "time_series",
                        "legendFormat": "{{pod}}",
                        "legendLink": null
                     }
                  ],
                  "title": "In-memory series",
                  "type": "timeseries"
               },
               {
                  "datasource": "$datasource",
                  "fieldConfig": {
                     "defaults": {
                        "custom": {
                           "drawStyle": "line",
                           "fillOpacity": 0,
                           "lineWidth": 1,
                           "pointSize": 5,
                           "showPoints": "never",
                           "spanNulls": false,
                           "stacking": {
                              "group": "A",
                              "mode": "none"
                           }
                        },
                        "min": 0,
                        "thresholds": {
                           "mode": "absolute",
                           "steps": [ ]
                        },
                        "unit": "short"
                     },
                     "overrides": [
                        {
                           "matcher": {
                              "id": "byName",
                              "options": "request"
                           },
                           "properties": [
                              {
                                 "id": "color",
                                 "value": {
                                    "fixedColor": "#FFC000",
                                    "mode": "fixed"
                                 }
                              },
                              {
                                 "id": "custom.fillOpacity",
                                 "value": 0
                              },
                              {
                                 "id": "custom.lineStyle",
                                 "value": {
                                    "fill": "dash"
                                 }
                              }
                           ]
                        },
                        {
                           "matcher": {
                              "id": "byName",
                              "options": "limit"
                           },
                           "properties": [
                              {
                                 "id": "color",
                                 "value": {
                                    "fixedColor": "#E02F44",
                                    "mode": "fixed"
                                 }
                              },
                              {
                                 "id": "custom.fillOpacity",
                                 "value": 0
                              },
                              {
                                 "id": "custom.lineStyle",
                                 "value": {
                                    "fill": "dash"
                                 }
                              }
                           ]
                        }
                     ]
                  },
                  "id": 11,
                  "links": [ ],
                  "options": {
                     "legend": {
                        "showLegend": true
                     },
                     "tooltip": {
                        "mode": "multi",
                        "sort": "desc"
                     }
                  },
                  "span": 6,
                  "targets": [
                     {
                        "expr": "sum by(pod) (rate(container_cpu_usage_seconds_total{cluster=~\"$cluster\", namespace=~\"$namespace\",container=~\"ingester\"}[$__rate_interval]))",
                        "format": "time_series",
                        "legendFormat": "{{pod}}",
                        "legendLink": null
                     },
                     {
                        "expr": "min(container_spec_cpu_quota{cluster=~\"$cluster\", namespace=~\"$namespace\",container=~\"ingester\"} / container_spec_cpu_period{cluster=~\"$cluster\", namespace=~\"$namespace\",container=~\"ingester\"})",
                        "format": "time_series",
                        "legendFormat": "limit",
                        "legendLink": null
                     },
                     {
                        "expr": "min(kube_pod_container_resource_requests{cluster=~\"$cluster\", namespace=~\"$namespace\",container=~\"ingester\",resource=\"cpu\"})",
                        "format": "time_series",
                        "legendFormat": "request",
                        "legendLink": null
                     }
                  ],
                  "title": "CPU",
                  "type": "timeseries"
               }
            ],
            "repeat": null,
            "repeatIteration": null,
            "repeatRowId": null,
            "showTitle": true,
            "title": "Ingester",
            "titleSize": "h6"
         },
         {
            "collapse": false,
            "height": "250px",
            "panels": [
               {
                  "datasource": "$datasource",
                  "fieldConfig": {
                     "defaults": {
                        "custom": {
                           "drawStyle": "line",
                           "fillOpacity": 0,
                           "lineWidth": 1,
                           "pointSize": 5,
                           "showPoints": "never",
                           "spanNulls": false,
                           "stacking": {
                              "group": "A",
                              "mode": "none"
                           }
                        },
                        "min": 0,
                        "thresholds": {
                           "mode": "absolute",
                           "steps": [ ]
                        },
                        "unit": "bytes"
                     },
                     "overrides": [
                        {
                           "matcher": {
                              "id": "byName",
                              "options": "request"
                           },
                           "properties": [
                              {
                                 "id": "color",
                                 "value": {
                                    "fixedColor": "#FFC000",
                                    "mode": "fixed"
                                 }
                              },
                              {
                                 "id": "custom.fillOpacity",
                                 "value": 0
                              },
                              {
                                 "id": "custom.lineStyle",
                                 "value": {
                                    "fill": "dash"
                                 }
                              }
                           ]
                        },
                        {
                           "matcher": {
                              "id": "byName",
                              "options": "limit"
                           },
                           "properties": [
                              {
                                 "id": "color",
                                 "value": {
                                    "fixedColor": "#E02F44",
                                    "mode": "fixed"
                                 }
                              },
                              {
                                 "id": "custom.fillOpacity",
                                 "value": 0
                              },
                              {
                                 "id": "custom.lineStyle",
                                 "value": {
                                    "fill": "dash"
                                 }
                              }
                           ]
                        }
                     ]
                  },
                  "id": 12,
                  "links": [ ],
                  "options": {
                     "legend": {
                        "showLegend": true
                     },
                     "tooltip": {
                        "mode": "multi",
                        "sort": "desc"
                     }
                  },
                  "span": 4,
                  "targets": [
                     {
                        "expr": "max by(pod) (container_memory_rss{cluster=~\"$cluster\", namespace=~\"$namespace\",container=~\"ingester\"})",
                        "format": "time_series",
                        "legendFormat": "{{pod}}",
                        "legendLink": null
                     },
                     {
                        "expr": "min(container_spec_memory_limit_bytes{cluster=~\"$cluster\", namespace=~\"$namespace\",container=~\"ingester\"} > 0)",
                        "format": "time_series",
                        "legendFormat": "limit",
                        "legendLink": null
                     },
                     {
                        "expr": "min(kube_pod_container_resource_requests{cluster=~\"$cluster\", namespace=~\"$namespace\",container=~\"ingester\",resource=\"memory\"})",
                        "format": "time_series",
                        "legendFormat": "request",
                        "legendLink": null
                     }
                  ],
                  "title": "Memory (RSS)",
                  "type": "timeseries"
               },
               {
                  "datasource": "$datasource",
                  "fieldConfig": {
                     "defaults": {
                        "custom": {
                           "drawStyle": "line",
                           "fillOpacity": 0,
                           "lineWidth": 1,
                           "pointSize": 5,
                           "showPoints": "never",
                           "spanNulls": false,
                           "stacking": {
                              "group": "A",
                              "mode": "none"
                           }
                        },
                        "min": 0,
                        "thresholds": {
                           "mode": "absolute",
                           "steps": [ ]
                        },
                        "unit": "bytes"
                     },
                     "overrides": [
                        {
                           "matcher": {
                              "id": "byName",
                              "options": "request"
                           },
                           "properties": [
                              {
                                 "id": "color",
                                 "value": {
                                    "fixedColor": "#FFC000",
                                    "mode": "fixed"
                                 }
                              },
                              {
                                 "id": "custom.fillOpacity",
                                 "value": 0
                              },
                              {
                                 "id": "custom.lineStyle",
                                 "value": {
                                    "fill": "dash"
                                 }
                              }
                           ]
                        },
                        {
                           "matcher": {
                              "id": "byName",
                              "options": "limit"
                           },
                           "properties": [
                              {
                                 "id": "color",
                                 "value": {
                                    "fixedColor": "#E02F44",
                                    "mode": "fixed"
                                 }
                              },
                              {
                                 "id": "custom.fillOpacity",
                                 "value": 0
                              },
                              {
                                 "id": "custom.lineStyle",
                                 "value": {
                                    "fill": "dash"
                                 }
                              }
                           ]
                        }
                     ]
                  },
                  "id": 13,
                  "links": [ ],
                  "options": {
                     "legend": {
                        "showLegend": true
                     },
                     "tooltip": {
                        "mode": "multi",
                        "sort": "desc"
                     }
                  },
                  "span": 4,
                  "targets": [
                     {
                        "expr": "max by(pod) (container_memory_working_set_bytes{cluster=~\"$cluster\", namespace=~\"$namespace\",container=~\"ingester\"})",
                        "format": "time_series",
                        "legendFormat": "{{pod}}",
                        "legendLink": null
                     },
                     {
                        "expr": "min(container_spec_memory_limit_bytes{cluster=~\"$cluster\", namespace=~\"$namespace\",container=~\"ingester\"} > 0)",
                        "format": "time_series",
                        "legendFormat": "limit",
                        "legendLink": null
                     },
                     {
                        "expr": "min(kube_pod_container_resource_requests{cluster=~\"$cluster\", namespace=~\"$namespace\",container=~\"ingester\",resource=\"memory\"})",
                        "format": "time_series",
                        "legendFormat": "request",
                        "legendLink": null
                     }
                  ],
                  "title": "Memory (workingset)",
                  "type": "timeseries"
               },
               {
                  "datasource": "$datasource",
                  "fieldConfig": {
                     "defaults": {
                        "custom": {
                           "drawStyle": "line",
                           "fillOpacity": 0,
                           "lineWidth": 1,
                           "pointSize": 5,
                           "showPoints": "never",
                           "spanNulls": false,
                           "stacking": {
                              "group": "A",
                              "mode": "none"
                           }
                        },
                        "min": 0,
                        "thresholds": {
                           "mode": "absolute",
                           "steps": [ ]
                        },
                        "unit": "bytes"
                     },
                     "overrides": [ ]
                  },
                  "id": 14,
                  "links": [ ],
                  "options": {
                     "legend": {
                        "showLegend": true
                     },
                     "tooltip": {
                        "mode": "multi",
                        "sort": "desc"
                     }
                  },
                  "span": 4,
                  "targets": [
                     {
                        "expr": "sum by(pod) (go_memstats_heap_inuse_bytes{cluster=~\"$cluster\", namespace=~\"$namespace\",container=~\"ingester\"})",
                        "format": "time_series",
                        "legendFormat": "{{pod}}",
                        "legendLink": null
                     }
                  ],
                  "title": "Memory (go heap inuse)",
                  "type": "timeseries"
               }
            ],
            "repeat": null,
            "repeatIteration": null,
            "repeatRowId": null,
            "showTitle": true,
            "title": "",
            "titleSize": "h6"
         },
         {
            "collapse": false,
            "height": "250px",
            "panels": [
               {
                  "datasource": "$datasource",
                  "fieldConfig": {
                     "defaults": {
                        "custom": {
                           "drawStyle": "line",
                           "fillOpacity": 100,
                           "lineWidth": 0,
                           "pointSize": 5,
                           "showPoints": "never",
                           "spanNulls": false,
                           "stacking": {
                              "group": "A",
                              "mode": "normal"
                           }
                        },
                        "min": 0,
                        "thresholds": {
                           "mode": "absolute",
                           "steps": [ ]
                        },
                        "unit": "Bps"
                     },
                     "overrides": [ ]
                  },
                  "id": 15,
                  "links": [ ],
                  "options": {
                     "legend": {
                        "showLegend": true
                     },
                     "tooltip": {
                        "mode": "multi",
                        "sort": "none"
                     }
                  },
                  "span": 4,
                  "targets": [
                     {
                        "expr": "sum by(instance, pod, device) (\n  rate(\n    node_disk_written_bytes_total[$__rate_interval]\n  )\n)\n+\nignoring(pod) group_right() (\n  label_replace(\n    count by(\n      instance,\n      pod,\n      device\n    )\n    (\n      container_fs_writes_bytes_total{\n        cluster=~\"$cluster\", namespace=~\"$namespace\",\n        container=~\"ingester\",\n        device!~\".*sda.*\"\n      }\n    ),\n    \"device\",\n    \"$1\",\n    \"device\",\n    \"/dev/(.*)\"\n  ) * 0\n)\n\n",
                        "format": "time_series",
                        "legendFormat": "{{pod}} - {{device}}",
                        "legendLink": null
                     }
                  ],
                  "title": "Disk writes",
                  "type": "timeseries"
               },
               {
                  "datasource": "$datasource",
                  "fieldConfig": {
                     "defaults": {
                        "custom": {
                           "drawStyle": "line",
                           "fillOpacity": 100,
                           "lineWidth": 0,
                           "pointSize": 5,
                           "showPoints": "never",
                           "spanNulls": false,
                           "stacking": {
                              "group": "A",
                              "mode": "normal"
                           }
                        },
                        "min": 0,
                        "thresholds": {
                           "mode": "absolute",
                           "steps": [ ]
                        },
                        "unit": "Bps"
                     },
                     "overrides": [ ]
                  },
                  "id": 16,
                  "links": [ ],
                  "options": {
                     "legend": {
                        "showLegend": true
                     },
                     "tooltip": {
                        "mode": "multi",
                        "sort": "none"
                     }
                  },
                  "span": 4,
                  "targets": [
                     {
                        "expr": "sum by(instance, pod, device) (\n  rate(\n    node_disk_read_bytes_total[$__rate_interval]\n  )\n) + ignoring(pod) group_right() (\n  label_replace(\n    count by(\n      instance,\n      pod,\n      device\n    )\n    (\n      container_fs_writes_bytes_total{\n        cluster=~\"$cluster\", namespace=~\"$namespace\",\n        container=~\"ingester\",\n        device!~\".*sda.*\"\n      }\n    ),\n    \"device\",\n    \"$1\",\n    \"device\",\n    \"/dev/(.*)\"\n  ) * 0\n)\n\n",
                        "format": "time_series",
                        "legendFormat": "{{pod}} - {{device}}",
                        "legendLink": null
                     }
                  ],
                  "title": "Disk reads",
                  "type": "timeseries"
               },
               {
                  "datasource": "$datasource",
                  "fieldConfig": {
                     "custom": {
                        "fillOpacity": 0
                     },
                     "defaults": {
                        "custom": {
                           "drawStyle": "line",
                           "fillOpacity": 1,
                           "lineWidth": 1,
                           "pointSize": 5,
                           "showPoints": "never",
                           "spanNulls": false,
                           "stacking": {
                              "group": "A",
                              "mode": "none"
                           }
                        },
                        "min": 0,
                        "thresholds": {
                           "mode": "absolute",
                           "steps": [ ]
                        },
                        "unit": "percentunit"
                     },
                     "overrides": [ ]
                  },
                  "id": 17,
                  "links": [ ],
                  "options": {
                     "legend": {
                        "showLegend": true
                     },
                     "tooltip": {
                        "mode": "multi",
                        "sort": "none"
                     }
                  },
                  "span": 4,
                  "targets": [
                     {
                        "expr": "max by(persistentvolumeclaim) (\n  kubelet_volume_stats_used_bytes{cluster=~\"$cluster\", namespace=~\"$namespace\", persistentvolumeclaim=~\".*(ingester).*\"} /\n  kubelet_volume_stats_capacity_bytes{cluster=~\"$cluster\", namespace=~\"$namespace\", persistentvolumeclaim=~\".*(ingester).*\"}\n)\n",
                        "format": "time_series",
                        "legendFormat": "{{persistentvolumeclaim}}",
                        "legendLink": null
                     }
                  ],
                  "title": "Disk space utilization",
                  "type": "timeseries"
               }
            ],
            "repeat": null,
            "repeatIteration": null,
            "repeatRowId": null,
            "showTitle": true,
            "title": "",
            "titleSize": "h6"
         }
      ],
      "schemaVersion": 14,
      "style": "dark",
      "tags": [
         "mimir"
      ],
      "templating": {
         "list": [
            {
               "current": {
                  "text": "default",
                  "value": "default"
               },
               "hide": 0,
               "label": "Data source",
               "name": "datasource",
               "options": [ ],
               "query": "prometheus",
               "refresh": 1,
               "regex": "",
               "type": "datasource"
            },
            {
               "allValue": ".*",
               "current": {
                  "text": "prod",
                  "value": "prod"
               },
               "datasource": "$datasource",
               "hide": 0,
               "includeAll": true,
               "label": "cluster",
               "multi": false,
               "name": "cluster",
               "options": [ ],
               "query": "label_values(cortex_build_info, cluster)",
               "refresh": 1,
               "regex": "",
               "sort": 1,
               "tagValuesQuery": "",
               "tags": [ ],
               "tagsQuery": "",
               "type": "query",
               "useTags": false
            },
            {
               "allValue": null,
               "current": {
                  "text": "prod",
                  "value": "prod"
               },
               "datasource": "$datasource",
               "hide": 0,
               "includeAll": false,
               "label": "namespace",
               "multi": false,
               "name": "namespace",
               "options": [ ],
               "query": "label_values(cortex_build_info{cluster=~\"$cluster\"}, namespace)",
               "refresh": 1,
               "regex": "",
               "sort": 1,
               "tagValuesQuery": "",
               "tags": [ ],
               "tagsQuery": "",
               "type": "query",
               "useTags": false
            }
         ]
      },
      "time": {
         "from": "now-1h",
         "to": "now"
      },
      "timepicker": {
         "refresh_intervals": [
            "5s",
            "10s",
            "30s",
            "1m",
            "5m",
            "15m",
            "30m",
            "1h",
            "2h",
            "1d"
         ],
         "time_options": [
            "5m",
            "15m",
            "1h",
            "6h",
            "12h",
            "24h",
            "2d",
            "7d",
            "30d"
         ]
      },
      "timezone": "utc",
      "title": "Mimir / Writes resources",
      "uid": "bc9160e50b52e89e0e49c840fea3d379",
      "version": 0
   }