{
      "__requires": [
         {
            "id": "grafana",
            "name": "Grafana",
            "type": "grafana",
            "version": "8.0.0"
         }
      ],
      "annotations": {
         "list": [ ]
      },
      "editable": true,
      "gnetId": null,
      "graphTooltip": 1,
      "hideControls": false,
      "links": [
         {
            "asDropdown": true,
            "icon": "external link",
            "includeVars": true,
            "keepTime": true,
            "tags": [
               "mimir"
            ],
            "targetBlank": false,
            "title": "Mimir dashboards",
            "type": "dashboards"
         }
      ],
      "refresh": "5m",
      "rows": [
         {
            "collapse": false,
            "height": "200px",
            "panels": [
               {
                  "id": 1,
                  "options": {
                     "content": "This dashboard identifies scaling-related issues by suggesting services that you might want to scale up.\nThe table that follows contains a suggested number of replicas and the reason why.\nIf the system is failing and depending on the reason, try scaling up to the specified number.\nThe specified numbers are intended as helpful guidelines when things go wrong, rather than prescriptive guidelines.\n\nReasons:\n- **sample_rate**: There are not enough replicas to handle the\n  sample rate.  Applies to distributor and ingesters.\n- **active_series**: There are not enough replicas\n  to handle the number of active series.  Applies to ingesters.\n- **cpu_usage**: There are not enough replicas\n  based on the CPU usage of the jobs vs the resource requests.\n  Applies to all jobs.\n- **memory_usage**: There are not enough replicas based on the memory\n  usage vs the resource requests.  Applies to all jobs.\n- **active_series_limits**: There are not enough replicas to hold 60% of the\n  sum of all the per tenant series limits.\n- **sample_rate_limits**: There are not enough replicas to handle 60% of the\n  sum of all the per tenant rate limits.\n",
                     "mode": "markdown"
                  },
                  "span": 12,
                  "title": "",
                  "type": "text"
               }
            ],
            "repeat": null,
            "repeatIteration": null,
            "repeatRowId": null,
            "showTitle": true,
            "title": "Service scaling",
            "titleSize": "h6"
         },
         {
            "collapse": false,
            "height": "400px",
            "panels": [
               {
                  "aliasColors": { },
                  "bars": false,
                  "dashLength": 10,
                  "dashes": false,
                  "datasource": "$datasource",
                  "fieldConfig": {
                     "overrides": [
                        {
                           "matcher": {
                              "id": "byName",
                              "options": "Time"
                           },
                           "properties": [
                              {
                                 "id": "displayName",
                                 "value": "Time"
                              },
                              {
                                 "id": "custom.hidden",
                                 "value": true
                              }
                           ]
                        },
                        {
                           "matcher": {
                              "id": "byName",
                              "options": "Value"
                           },
                           "properties": [
                              {
                                 "id": "displayName",
                                 "value": "Required Replicas"
                              },
                              {
                                 "id": "decimals",
                                 "value": 0
                              },
                              {
                                 "id": "unit",
                                 "value": "short"
                              }
                           ]
                        },
                        {
                           "matcher": {
                              "id": "byName",
                              "options": "__name__"
                           },
                           "properties": [
                              {
                                 "id": "custom.hidden",
                                 "value": true
                              },
                              {
                                 "id": "decimals",
                                 "value": 2
                              },
                              {
                                 "id": "unit",
                                 "value": "short"
                              }
                           ]
                        },
                        {
                           "matcher": {
                              "id": "byName",
                              "options": "cluster"
                           },
                           "properties": [
                              {
                                 "id": "displayName",
                                 "value": "Cluster"
                              },
                              {
                                 "id": "decimals",
                                 "value": 2
                              },
                              {
                                 "id": "unit",
                                 "value": "short"
                              }
                           ]
                        },
                        {
                           "matcher": {
                              "id": "byName",
                              "options": "deployment"
                           },
                           "properties": [
                              {
                                 "id": "displayName",
                                 "value": "Service"
                              },
                              {
                                 "id": "decimals",
                                 "value": 2
                              },
                              {
                                 "id": "unit",
                                 "value": "short"
                              }
                           ]
                        },
                        {
                           "matcher": {
                              "id": "byName",
                              "options": "namespace"
                           },
                           "properties": [
                              {
                                 "id": "displayName",
                                 "value": "Namespace"
                              },
                              {
                                 "id": "decimals",
                                 "value": 2
                              },
                              {
                                 "id": "unit",
                                 "value": "short"
                              }
                           ]
                        },
                        {
                           "matcher": {
                              "id": "byName",
                              "options": "reason"
                           },
                           "properties": [
                              {
                                 "id": "displayName",
                                 "value": "Reason"
                              },
                              {
                                 "id": "decimals",
                                 "value": 2
                              },
                              {
                                 "id": "unit",
                                 "value": "short"
                              }
                           ]
                        }
                     ]
                  },
                  "fill": 1,
                  "id": 2,
                  "legend": {
                     "avg": false,
                     "current": false,
                     "max": false,
                     "min": false,
                     "show": true,
                     "total": false,
                     "values": false
                  },
                  "lines": true,
                  "linewidth": 1,
                  "links": [ ],
                  "nullPointMode": "null as zero",
                  "percentage": false,
                  "pointradius": 5,
                  "points": false,
                  "renderer": "flot",
                  "seriesOverrides": [ ],
                  "sort": {
                     "col": 0,
                     "desc": false
                  },
                  "spaceLength": 10,
                  "span": 12,
                  "stack": false,
                  "steppedLine": false,
                  "targets": [
                     {
                        "expr": "sort_desc(\n  cluster_namespace_deployment_reason:required_replicas:count{cluster=~\"$cluster\", namespace=~\"$namespace\"}\n    > ignoring(reason) group_left\n  cluster_namespace_deployment:actual_replicas:count{cluster=~\"$cluster\", namespace=~\"$namespace\"}\n)\n",
                        "format": "table",
                        "instant": true,
                        "legendFormat": "",
                        "refId": "A"
                     }
                  ],
                  "thresholds": [ ],
                  "timeFrom": null,
                  "timeShift": null,
                  "title": "Workload-based scaling",
                  "tooltip": {
                     "shared": false,
                     "sort": 0,
                     "value_type": "individual"
                  },
                  "transform": "table",
                  "type": "table",
                  "xaxis": {
                     "buckets": null,
                     "mode": "time",
                     "name": null,
                     "show": true,
                     "values": [ ]
                  },
                  "yaxes": [
                     {
                        "format": "short",
                        "label": null,
                        "logBase": 1,
                        "max": null,
                        "min": 0,
                        "show": true
                     },
                     {
                        "format": "short",
                        "label": null,
                        "logBase": 1,
                        "max": null,
                        "min": null,
                        "show": false
                     }
                  ]
               }
            ],
            "repeat": null,
            "repeatIteration": null,
            "repeatRowId": null,
            "showTitle": true,
            "title": "Scaling",
            "titleSize": "h6"
         }
      ],
      "schemaVersion": 14,
      "style": "dark",
      "tags": [
         "mimir"
      ],
      "templating": {
         "list": [
            {
               "current": {
                  "text": "default",
                  "value": "default"
               },
               "hide": 0,
               "label": "Data source",
               "name": "datasource",
               "options": [ ],
               "query": "prometheus",
               "refresh": 1,
               "regex": "",
               "type": "datasource"
            },
            {
               "allValue": ".+",
               "current": {
                  "selected": true,
                  "text": "All",
                  "value": "$__all"
               },
               "datasource": "$datasource",
               "hide": 0,
               "includeAll": true,
               "label": "cluster",
               "multi": true,
               "name": "cluster",
               "options": [ ],
               "query": "label_values(cortex_build_info, cluster)",
               "refresh": 1,
               "regex": "",
               "sort": 1,
               "tagValuesQuery": "",
               "tags": [ ],
               "tagsQuery": "",
               "type": "query",
               "useTags": false
            },
            {
               "allValue": ".+",
               "current": {
                  "selected": true,
                  "text": "All",
                  "value": "$__all"
               },
               "datasource": "$datasource",
               "hide": 0,
               "includeAll": false,
               "label": "namespace",
               "multi": true,
               "name": "namespace",
               "options": [ ],
               "query": "label_values(cortex_build_info{cluster=~\"$cluster\"}, namespace)",
               "refresh": 1,
               "regex": "",
               "sort": 1,
               "tagValuesQuery": "",
               "tags": [ ],
               "tagsQuery": "",
               "type": "query",
               "useTags": false
            }
         ]
      },
      "time": {
         "from": "now-1h",
         "to": "now"
      },
      "timepicker": {
         "refresh_intervals": [
            "5s",
            "10s",
            "30s",
            "1m",
            "5m",
            "15m",
            "30m",
            "1h",
            "2h",
            "1d"
         ],
         "time_options": [
            "5m",
            "15m",
            "1h",
            "6h",
            "12h",
            "24h",
            "2d",
            "7d",
            "30d"
         ]
      },
      "timezone": "utc",
      "title": "Mimir / Scaling",
      "uid": "64bbad83507b7289b514725658e10352",
      "version": 0
   }