{
      "__requires": [
         {
            "id": "grafana",
            "name": "Grafana",
            "type": "grafana",
            "version": "8.0.0"
         }
      ],
      "annotations": {
         "list": [ ]
      },
      "editable": true,
      "gnetId": null,
      "graphTooltip": 1,
      "hideControls": false,
      "links": [
         {
            "asDropdown": true,
            "icon": "external link",
            "includeVars": true,
            "keepTime": true,
            "tags": [
               "mimir"
            ],
            "targetBlank": false,
            "title": "Mimir dashboards",
            "type": "dashboards"
         }
      ],
      "refresh": "5m",
      "rows": [
         {
            "collapse": false,
            "height": "250px",
            "panels": [
               {
                  "datasource": "$datasource",
                  "fieldConfig": {
                     "defaults": {
                        "custom": {
                           "drawStyle": "line",
                           "fillOpacity": 0,
                           "lineWidth": 1,
                           "pointSize": 5,
                           "showPoints": "never",
                           "spanNulls": false,
                           "stacking": {
                              "group": "A",
                              "mode": "none"
                           }
                        },
                        "min": 0,
                        "thresholds": {
                           "mode": "absolute",
                           "steps": [ ]
                        },
                        "unit": "short"
                     },
                     "overrides": [
                        {
                           "matcher": {
                              "id": "byName",
                              "options": "request"
                           },
                           "properties": [
                              {
                                 "id": "color",
                                 "value": {
                                    "fixedColor": "#FFC000",
                                    "mode": "fixed"
                                 }
                              },
                              {
                                 "id": "custom.fillOpacity",
                                 "value": 0
                              },
                              {
                                 "id": "custom.lineStyle",
                                 "value": {
                                    "fill": "dash"
                                 }
                              }
                           ]
                        },
                        {
                           "matcher": {
                              "id": "byName",
                              "options": "limit"
                           },
                           "properties": [
                              {
                                 "id": "color",
                                 "value": {
                                    "fixedColor": "#E02F44",
                                    "mode": "fixed"
                                 }
                              },
                              {
                                 "id": "custom.fillOpacity",
                                 "value": 0
                              },
                              {
                                 "id": "custom.lineStyle",
                                 "value": {
                                    "fill": "dash"
                                 }
                              }
                           ]
                        }
                     ]
                  },
                  "id": 1,
                  "links": [ ],
                  "options": {
                     "legend": {
                        "showLegend": true
                     },
                     "tooltip": {
                        "mode": "multi",
                        "sort": "desc"
                     }
                  },
                  "span": 4,
                  "targets": [
                     {
                        "expr": "sum by(pod) (rate(container_cpu_usage_seconds_total{cluster=~\"$cluster\", namespace=~\"$namespace\",container=~\"ruler-query-frontend\"}[$__rate_interval]))",
                        "format": "time_series",
                        "legendFormat": "{{pod}}",
                        "legendLink": null
                     },
                     {
                        "expr": "min(container_spec_cpu_quota{cluster=~\"$cluster\", namespace=~\"$namespace\",container=~\"ruler-query-frontend\"} / container_spec_cpu_period{cluster=~\"$cluster\", namespace=~\"$namespace\",container=~\"ruler-query-frontend\"})",
                        "format": "time_series",
                        "legendFormat": "limit",
                        "legendLink": null
                     },
                     {
                        "expr": "min(kube_pod_container_resource_requests{cluster=~\"$cluster\", namespace=~\"$namespace\",container=~\"ruler-query-frontend\",resource=\"cpu\"})",
                        "format": "time_series",
                        "legendFormat": "request",
                        "legendLink": null
                     }
                  ],
                  "title": "CPU",
                  "type": "timeseries"
               },
               {
                  "datasource": "$datasource",
                  "fieldConfig": {
                     "defaults": {
                        "custom": {
                           "drawStyle": "line",
                           "fillOpacity": 0,
                           "lineWidth": 1,
                           "pointSize": 5,
                           "showPoints": "never",
                           "spanNulls": false,
                           "stacking": {
                              "group": "A",
                              "mode": "none"
                           }
                        },
                        "min": 0,
                        "thresholds": {
                           "mode": "absolute",
                           "steps": [ ]
                        },
                        "unit": "bytes"
                     },
                     "overrides": [
                        {
                           "matcher": {
                              "id": "byName",
                              "options": "request"
                           },
                           "properties": [
                              {
                                 "id": "color",
                                 "value": {
                                    "fixedColor": "#FFC000",
                                    "mode": "fixed"
                                 }
                              },
                              {
                                 "id": "custom.fillOpacity",
                                 "value": 0
                              },
                              {
                                 "id": "custom.lineStyle",
                                 "value": {
                                    "fill": "dash"
                                 }
                              }
                           ]
                        },
                        {
                           "matcher": {
                              "id": "byName",
                              "options": "limit"
                           },
                           "properties": [
                              {
                                 "id": "color",
                                 "value": {
                                    "fixedColor": "#E02F44",
                                    "mode": "fixed"
                                 }
                              },
                              {
                                 "id": "custom.fillOpacity",
                                 "value": 0
                              },
                              {
                                 "id": "custom.lineStyle",
                                 "value": {
                                    "fill": "dash"
                                 }
                              }
                           ]
                        }
                     ]
                  },
                  "id": 2,
                  "links": [ ],
                  "options": {
                     "legend": {
                        "showLegend": true
                     },
                     "tooltip": {
                        "mode": "multi",
                        "sort": "desc"
                     }
                  },
                  "span": 4,
                  "targets": [
                     {
                        "expr": "max by(pod) (container_memory_working_set_bytes{cluster=~\"$cluster\", namespace=~\"$namespace\",container=~\"ruler-query-frontend\"})",
                        "format": "time_series",
                        "legendFormat": "{{pod}}",
                        "legendLink": null
                     },
                     {
                        "expr": "min(container_spec_memory_limit_bytes{cluster=~\"$cluster\", namespace=~\"$namespace\",container=~\"ruler-query-frontend\"} > 0)",
                        "format": "time_series",
                        "legendFormat": "limit",
                        "legendLink": null
                     },
                     {
                        "expr": "min(kube_pod_container_resource_requests{cluster=~\"$cluster\", namespace=~\"$namespace\",container=~\"ruler-query-frontend\",resource=\"memory\"})",
                        "format": "time_series",
                        "legendFormat": "request",
                        "legendLink": null
                     }
                  ],
                  "title": "Memory (workingset)",
                  "type": "timeseries"
               },
               {
                  "datasource": "$datasource",
                  "fieldConfig": {
                     "defaults": {
                        "custom": {
                           "drawStyle": "line",
                           "fillOpacity": 0,
                           "lineWidth": 1,
                           "pointSize": 5,
                           "showPoints": "never",
                           "spanNulls": false,
                           "stacking": {
                              "group": "A",
                              "mode": "none"
                           }
                        },
                        "min": 0,
                        "thresholds": {
                           "mode": "absolute",
                           "steps": [ ]
                        },
                        "unit": "bytes"
                     },
                     "overrides": [ ]
                  },
                  "id": 3,
                  "links": [ ],
                  "options": {
                     "legend": {
                        "showLegend": true
                     },
                     "tooltip": {
                        "mode": "multi",
                        "sort": "desc"
                     }
                  },
                  "span": 4,
                  "targets": [
                     {
                        "expr": "sum by(pod) (go_memstats_heap_inuse_bytes{cluster=~\"$cluster\", namespace=~\"$namespace\",container=~\"ruler-query-frontend\"})",
                        "format": "time_series",
                        "legendFormat": "{{pod}}",
                        "legendLink": null
                     }
                  ],
                  "title": "Memory (go heap inuse)",
                  "type": "timeseries"
               }
            ],
            "repeat": null,
            "repeatIteration": null,
            "repeatRowId": null,
            "showTitle": true,
            "title": "Ruler-query-frontend",
            "titleSize": "h6"
         },
         {
            "collapse": false,
            "height": "250px",
            "panels": [
               {
                  "datasource": "$datasource",
                  "fieldConfig": {
                     "defaults": {
                        "custom": {
                           "drawStyle": "line",
                           "fillOpacity": 0,
                           "lineWidth": 1,
                           "pointSize": 5,
                           "showPoints": "never",
                           "spanNulls": false,
                           "stacking": {
                              "group": "A",
                              "mode": "none"
                           }
                        },
                        "min": 0,
                        "thresholds": {
                           "mode": "absolute",
                           "steps": [ ]
                        },
                        "unit": "short"
                     },
                     "overrides": [
                        {
                           "matcher": {
                              "id": "byName",
                              "options": "request"
                           },
                           "properties": [
                              {
                                 "id": "color",
                                 "value": {
                                    "fixedColor": "#FFC000",
                                    "mode": "fixed"
                                 }
                              },
                              {
                                 "id": "custom.fillOpacity",
                                 "value": 0
                              },
                              {
                                 "id": "custom.lineStyle",
                                 "value": {
                                    "fill": "dash"
                                 }
                              }
                           ]
                        },
                        {
                           "matcher": {
                              "id": "byName",
                              "options": "limit"
                           },
                           "properties": [
                              {
                                 "id": "color",
                                 "value": {
                                    "fixedColor": "#E02F44",
                                    "mode": "fixed"
                                 }
                              },
                              {
                                 "id": "custom.fillOpacity",
                                 "value": 0
                              },
                              {
                                 "id": "custom.lineStyle",
                                 "value": {
                                    "fill": "dash"
                                 }
                              }
                           ]
                        }
                     ]
                  },
                  "id": 4,
                  "links": [ ],
                  "options": {
                     "legend": {
                        "showLegend": true
                     },
                     "tooltip": {
                        "mode": "multi",
                        "sort": "desc"
                     }
                  },
                  "span": 4,
                  "targets": [
                     {
                        "expr": "sum by(pod) (rate(container_cpu_usage_seconds_total{cluster=~\"$cluster\", namespace=~\"$namespace\",container=~\"ruler-query-scheduler\"}[$__rate_interval]))",
                        "format": "time_series",
                        "legendFormat": "{{pod}}",
                        "legendLink": null
                     },
                     {
                        "expr": "min(container_spec_cpu_quota{cluster=~\"$cluster\", namespace=~\"$namespace\",container=~\"ruler-query-scheduler\"} / container_spec_cpu_period{cluster=~\"$cluster\", namespace=~\"$namespace\",container=~\"ruler-query-scheduler\"})",
                        "format": "time_series",
                        "legendFormat": "limit",
                        "legendLink": null
                     },
                     {
                        "expr": "min(kube_pod_container_resource_requests{cluster=~\"$cluster\", namespace=~\"$namespace\",container=~\"ruler-query-scheduler\",resource=\"cpu\"})",
                        "format": "time_series",
                        "legendFormat": "request",
                        "legendLink": null
                     }
                  ],
                  "title": "CPU",
                  "type": "timeseries"
               },
               {
                  "datasource": "$datasource",
                  "fieldConfig": {
                     "defaults": {
                        "custom": {
                           "drawStyle": "line",
                           "fillOpacity": 0,
                           "lineWidth": 1,
                           "pointSize": 5,
                           "showPoints": "never",
                           "spanNulls": false,
                           "stacking": {
                              "group": "A",
                              "mode": "none"
                           }
                        },
                        "min": 0,
                        "thresholds": {
                           "mode": "absolute",
                           "steps": [ ]
                        },
                        "unit": "bytes"
                     },
                     "overrides": [
                        {
                           "matcher": {
                              "id": "byName",
                              "options": "request"
                           },
                           "properties": [
                              {
                                 "id": "color",
                                 "value": {
                                    "fixedColor": "#FFC000",
                                    "mode": "fixed"
                                 }
                              },
                              {
                                 "id": "custom.fillOpacity",
                                 "value": 0
                              },
                              {
                                 "id": "custom.lineStyle",
                                 "value": {
                                    "fill": "dash"
                                 }
                              }
                           ]
                        },
                        {
                           "matcher": {
                              "id": "byName",
                              "options": "limit"
                           },
                           "properties": [
                              {
                                 "id": "color",
                                 "value": {
                                    "fixedColor": "#E02F44",
                                    "mode": "fixed"
                                 }
                              },
                              {
                                 "id": "custom.fillOpacity",
                                 "value": 0
                              },
                              {
                                 "id": "custom.lineStyle",
                                 "value": {
                                    "fill": "dash"
                                 }
                              }
                           ]
                        }
                     ]
                  },
                  "id": 5,
                  "links": [ ],
                  "options": {
                     "legend": {
                        "showLegend": true
                     },
                     "tooltip": {
                        "mode": "multi",
                        "sort": "desc"
                     }
                  },
                  "span": 4,
                  "targets": [
                     {
                        "expr": "max by(pod) (container_memory_working_set_bytes{cluster=~\"$cluster\", namespace=~\"$namespace\",container=~\"ruler-query-scheduler\"})",
                        "format": "time_series",
                        "legendFormat": "{{pod}}",
                        "legendLink": null
                     },
                     {
                        "expr": "min(container_spec_memory_limit_bytes{cluster=~\"$cluster\", namespace=~\"$namespace\",container=~\"ruler-query-scheduler\"} > 0)",
                        "format": "time_series",
                        "legendFormat": "limit",
                        "legendLink": null
                     },
                     {
                        "expr": "min(kube_pod_container_resource_requests{cluster=~\"$cluster\", namespace=~\"$namespace\",container=~\"ruler-query-scheduler\",resource=\"memory\"})",
                        "format": "time_series",
                        "legendFormat": "request",
                        "legendLink": null
                     }
                  ],
                  "title": "Memory (workingset)",
                  "type": "timeseries"
               },
               {
                  "datasource": "$datasource",
                  "fieldConfig": {
                     "defaults": {
                        "custom": {
                           "drawStyle": "line",
                           "fillOpacity": 0,
                           "lineWidth": 1,
                           "pointSize": 5,
                           "showPoints": "never",
                           "spanNulls": false,
                           "stacking": {
                              "group": "A",
                              "mode": "none"
                           }
                        },
                        "min": 0,
                        "thresholds": {
                           "mode": "absolute",
                           "steps": [ ]
                        },
                        "unit": "bytes"
                     },
                     "overrides": [ ]
                  },
                  "id": 6,
                  "links": [ ],
                  "options": {
                     "legend": {
                        "showLegend": true
                     },
                     "tooltip": {
                        "mode": "multi",
                        "sort": "desc"
                     }
                  },
                  "span": 4,
                  "targets": [
                     {
                        "expr": "sum by(pod) (go_memstats_heap_inuse_bytes{cluster=~\"$cluster\", namespace=~\"$namespace\",container=~\"ruler-query-scheduler\"})",
                        "format": "time_series",
                        "legendFormat": "{{pod}}",
                        "legendLink": null
                     }
                  ],
                  "title": "Memory (go heap inuse)",
                  "type": "timeseries"
               }
            ],
            "repeat": null,
            "repeatIteration": null,
            "repeatRowId": null,
            "showTitle": true,
            "title": "Ruler-query-scheduler",
            "titleSize": "h6"
         },
         {
            "collapse": false,
            "height": "250px",
            "panels": [
               {
                  "datasource": "$datasource",
                  "fieldConfig": {
                     "defaults": {
                        "custom": {
                           "drawStyle": "line",
                           "fillOpacity": 0,
                           "lineWidth": 1,
                           "pointSize": 5,
                           "showPoints": "never",
                           "spanNulls": false,
                           "stacking": {
                              "group": "A",
                              "mode": "none"
                           }
                        },
                        "min": 0,
                        "thresholds": {
                           "mode": "absolute",
                           "steps": [ ]
                        },
                        "unit": "short"
                     },
                     "overrides": [
                        {
                           "matcher": {
                              "id": "byName",
                              "options": "request"
                           },
                           "properties": [
                              {
                                 "id": "color",
                                 "value": {
                                    "fixedColor": "#FFC000",
                                    "mode": "fixed"
                                 }
                              },
                              {
                                 "id": "custom.fillOpacity",
                                 "value": 0
                              },
                              {
                                 "id": "custom.lineStyle",
                                 "value": {
                                    "fill": "dash"
                                 }
                              }
                           ]
                        },
                        {
                           "matcher": {
                              "id": "byName",
                              "options": "limit"
                           },
                           "properties": [
                              {
                                 "id": "color",
                                 "value": {
                                    "fixedColor": "#E02F44",
                                    "mode": "fixed"
                                 }
                              },
                              {
                                 "id": "custom.fillOpacity",
                                 "value": 0
                              },
                              {
                                 "id": "custom.lineStyle",
                                 "value": {
                                    "fill": "dash"
                                 }
                              }
                           ]
                        }
                     ]
                  },
                  "id": 7,
                  "links": [ ],
                  "options": {
                     "legend": {
                        "showLegend": true
                     },
                     "tooltip": {
                        "mode": "multi",
                        "sort": "desc"
                     }
                  },
                  "span": 4,
                  "targets": [
                     {
                        "expr": "sum by(pod) (rate(container_cpu_usage_seconds_total{cluster=~\"$cluster\", namespace=~\"$namespace\",container=~\"ruler-querier\"}[$__rate_interval]))",
                        "format": "time_series",
                        "legendFormat": "{{pod}}",
                        "legendLink": null
                     },
                     {
                        "expr": "min(container_spec_cpu_quota{cluster=~\"$cluster\", namespace=~\"$namespace\",container=~\"ruler-querier\"} / container_spec_cpu_period{cluster=~\"$cluster\", namespace=~\"$namespace\",container=~\"ruler-querier\"})",
                        "format": "time_series",
                        "legendFormat": "limit",
                        "legendLink": null
                     },
                     {
                        "expr": "min(kube_pod_container_resource_requests{cluster=~\"$cluster\", namespace=~\"$namespace\",container=~\"ruler-querier\",resource=\"cpu\"})",
                        "format": "time_series",
                        "legendFormat": "request",
                        "legendLink": null
                     }
                  ],
                  "title": "CPU",
                  "type": "timeseries"
               },
               {
                  "datasource": "$datasource",
                  "fieldConfig": {
                     "defaults": {
                        "custom": {
                           "drawStyle": "line",
                           "fillOpacity": 0,
                           "lineWidth": 1,
                           "pointSize": 5,
                           "showPoints": "never",
                           "spanNulls": false,
                           "stacking": {
                              "group": "A",
                              "mode": "none"
                           }
                        },
                        "min": 0,
                        "thresholds": {
                           "mode": "absolute",
                           "steps": [ ]
                        },
                        "unit": "bytes"
                     },
                     "overrides": [
                        {
                           "matcher": {
                              "id": "byName",
                              "options": "request"
                           },
                           "properties": [
                              {
                                 "id": "color",
                                 "value": {
                                    "fixedColor": "#FFC000",
                                    "mode": "fixed"
                                 }
                              },
                              {
                                 "id": "custom.fillOpacity",
                                 "value": 0
                              },
                              {
                                 "id": "custom.lineStyle",
                                 "value": {
                                    "fill": "dash"
                                 }
                              }
                           ]
                        },
                        {
                           "matcher": {
                              "id": "byName",
                              "options": "limit"
                           },
                           "properties": [
                              {
                                 "id": "color",
                                 "value": {
                                    "fixedColor": "#E02F44",
                                    "mode": "fixed"
                                 }
                              },
                              {
                                 "id": "custom.fillOpacity",
                                 "value": 0
                              },
                              {
                                 "id": "custom.lineStyle",
                                 "value": {
                                    "fill": "dash"
                                 }
                              }
                           ]
                        }
                     ]
                  },
                  "id": 8,
                  "links": [ ],
                  "options": {
                     "legend": {
                        "showLegend": true
                     },
                     "tooltip": {
                        "mode": "multi",
                        "sort": "desc"
                     }
                  },
                  "span": 4,
                  "targets": [
                     {
                        "expr": "max by(pod) (container_memory_working_set_bytes{cluster=~\"$cluster\", namespace=~\"$namespace\",container=~\"ruler-querier\"})",
                        "format": "time_series",
                        "legendFormat": "{{pod}}",
                        "legendLink": null
                     },
                     {
                        "expr": "min(container_spec_memory_limit_bytes{cluster=~\"$cluster\", namespace=~\"$namespace\",container=~\"ruler-querier\"} > 0)",
                        "format": "time_series",
                        "legendFormat": "limit",
                        "legendLink": null
                     },
                     {
                        "expr": "min(kube_pod_container_resource_requests{cluster=~\"$cluster\", namespace=~\"$namespace\",container=~\"ruler-querier\",resource=\"memory\"})",
                        "format": "time_series",
                        "legendFormat": "request",
                        "legendLink": null
                     }
                  ],
                  "title": "Memory (workingset)",
                  "type": "timeseries"
               },
               {
                  "datasource": "$datasource",
                  "fieldConfig": {
                     "defaults": {
                        "custom": {
                           "drawStyle": "line",
                           "fillOpacity": 0,
                           "lineWidth": 1,
                           "pointSize": 5,
                           "showPoints": "never",
                           "spanNulls": false,
                           "stacking": {
                              "group": "A",
                              "mode": "none"
                           }
                        },
                        "min": 0,
                        "thresholds": {
                           "mode": "absolute",
                           "steps": [ ]
                        },
                        "unit": "bytes"
                     },
                     "overrides": [ ]
                  },
                  "id": 9,
                  "links": [ ],
                  "options": {
                     "legend": {
                        "showLegend": true
                     },
                     "tooltip": {
                        "mode": "multi",
                        "sort": "desc"
                     }
                  },
                  "span": 4,
                  "targets": [
                     {
                        "expr": "sum by(pod) (go_memstats_heap_inuse_bytes{cluster=~\"$cluster\", namespace=~\"$namespace\",container=~\"ruler-querier\"})",
                        "format": "time_series",
                        "legendFormat": "{{pod}}",
                        "legendLink": null
                     }
                  ],
                  "title": "Memory (go heap inuse)",
                  "type": "timeseries"
               }
            ],
            "repeat": null,
            "repeatIteration": null,
            "repeatRowId": null,
            "showTitle": true,
            "title": "Ruler-querier",
            "titleSize": "h6"
         }
      ],
      "schemaVersion": 14,
      "style": "dark",
      "tags": [
         "mimir"
      ],
      "templating": {
         "list": [
            {
               "current": {
                  "text": "default",
                  "value": "default"
               },
               "hide": 0,
               "label": "Data source",
               "name": "datasource",
               "options": [ ],
               "query": "prometheus",
               "refresh": 1,
               "regex": "",
               "type": "datasource"
            },
            {
               "allValue": ".*",
               "current": {
                  "text": "prod",
                  "value": "prod"
               },
               "datasource": "$datasource",
               "hide": 0,
               "includeAll": true,
               "label": "cluster",
               "multi": false,
               "name": "cluster",
               "options": [ ],
               "query": "label_values(cortex_build_info, cluster)",
               "refresh": 1,
               "regex": "",
               "sort": 1,
               "tagValuesQuery": "",
               "tags": [ ],
               "tagsQuery": "",
               "type": "query",
               "useTags": false
            },
            {
               "allValue": null,
               "current": {
                  "text": "prod",
                  "value": "prod"
               },
               "datasource": "$datasource",
               "hide": 0,
               "includeAll": false,
               "label": "namespace",
               "multi": false,
               "name": "namespace",
               "options": [ ],
               "query": "label_values(cortex_build_info{cluster=~\"$cluster\"}, namespace)",
               "refresh": 1,
               "regex": "",
               "sort": 1,
               "tagValuesQuery": "",
               "tags": [ ],
               "tagsQuery": "",
               "type": "query",
               "useTags": false
            }
         ]
      },
      "time": {
         "from": "now-1h",
         "to": "now"
      },
      "timepicker": {
         "refresh_intervals": [
            "5s",
            "10s",
            "30s",
            "1m",
            "5m",
            "15m",
            "30m",
            "1h",
            "2h",
            "1d"
         ],
         "time_options": [
            "5m",
            "15m",
            "1h",
            "6h",
            "12h",
            "24h",
            "2d",
            "7d",
            "30d"
         ]
      },
      "timezone": "utc",
      "title": "Mimir / Remote ruler reads resources",
      "uid": "1940f6ef765a506a171faa2056c956c3",
      "version": 0
   }